pos,name,value,mean_val,low_region,high_region
165953467,G,-0.02511065732687711,-0.006202743880567118,FALSE,FALSE
165953468,G,-0.02345792949199676,-0.005857557969284221,FALSE,FALSE
165953469,C,-0.01670476514846086,-0.006005536532029487,FALSE,FALSE
165953476,C,-0.02270552702248096,-0.0068259508552727995,FALSE,FALSE
165953477,C,-0.02404792234301567,-0.006053266007802428,FALSE,FALSE
165953845,A,-0.01735000964254141,-0.010146453196648484,FALSE,FALSE
165953849,G,-0.01646055234596133,-0.00820346049731595,FALSE,FALSE
165953986,C,-0.01953110331669449,-0.008377362921601138,FALSE,FALSE
165953987,A,-0.02588287182152271,-0.007126635161694117,FALSE,FALSE
165953990,T,-0.02483605593442917,-0.0027016416075639218,FALSE,FALSE
165954015,C,-0.01812812453135848,-0.004138533479999727,FALSE,FALSE
165954035,G,-0.02061712741851806,-0.0038779137656092407,FALSE,FALSE
165954038,G,-0.01629068469628691,-0.006660002458374922,FALSE,FALSE
165954039,G,-0.01982894074171781,-0.005938992404844587,FALSE,FALSE
165954041,G,-0.02133362833410501,-0.0030248085036873587,FALSE,FALSE
165954049,G,-0.01639579539187252,-0.007136018654273333,FALSE,FALSE
165954051,A,-0.01642641145735979,-0.00797912623820591,FALSE,FALSE
165954065,A,-0.01837207376956939,-0.008317233057459789,FALSE,FALSE
165954067,A,-0.02731123939156532,-0.013814674003515362,TRUE,FALSE
165954068,A,-0.0154388453811407,-0.019694208411965487,TRUE,FALSE
165954069,A,-0.03187331277877092,-0.020588490774389324,TRUE,FALSE
165954070,G,-0.01012289430946111,-0.020810317562427343,TRUE,FALSE
165954071,G,-0.0202721842797473,-0.020649853849317848,TRUE,FALSE
165954072,A,-0.01913758367300033,-0.018352857825811923,TRUE,FALSE
165954073,A,-0.03270909562706947,-0.016648533602710784,TRUE,FALSE
165954074,A,-0.0222868078853935,-0.013133771379943909,TRUE,FALSE
165954075,C,-0.02059034164994955,-0.010742509795818452,FALSE,FALSE
165954088,A,-0.01798413600772619,-0.011211004017968634,FALSE,FALSE
165954089,G,-0.00807753021945245,-0.01449821107380555,TRUE,FALSE
165954090,G,-6.8720569834113e-4,-0.017763886091415743,TRUE,FALSE
165954091,G,-0.02032096870243549,-0.022909758941386797,TRUE,FALSE
165954092,G,-0.03786353394389152,-0.021431057495647082,TRUE,FALSE
165954093,A,-0.03743953350931406,-0.019066599328652928,TRUE,FALSE
165954094,A,-0.03563603572547436,-0.01865715113235635,TRUE,FALSE
165954095,G,-0.02945092832669615,-0.02015063207363707,TRUE,FALSE
165954096,T,-0.02819453924894333,-0.018645026755984846,TRUE,FALSE
165954097,C,0.0013438364258036,-0.016094983194489005,TRUE,FALSE
165954098,T,0.00566044566221535,-0.012449039949569824,TRUE,FALSE
165954105,T,-0.02322503551840782,-0.007348691596416729,FALSE,FALSE
165986337,C,-0.01951884618028998,-0.0072821181005565,FALSE,FALSE
165986338,T,-0.0283315647393465,-0.00702663569245483,FALSE,FALSE
165986339,A,-0.0197672601789236,-0.00846137583139348,FALSE,FALSE
165986344,T,-0.01681457133963704,-0.0028256232326384196,FALSE,FALSE
165988337,A,-0.0098385188030079,-0.01387892622151408,TRUE,FALSE
165988338,C,-0.02919645141810178,-0.015152244846103672,TRUE,FALSE
165988339,A,-0.03255598014220595,-0.016112539154710205,TRUE,FALSE
165988340,G,-0.01496101543307304,-0.01662335643195543,TRUE,FALSE
165988341,A,-0.01918043615296483,-0.01514262434793632,TRUE,FALSE
165988342,T,-0.01687757531180977,-0.014032304484862793,TRUE,FALSE
165989225,T,-0.02920661307871341,1.1968782637273231e-4,FALSE,FALSE
165989309,C,-0.01831095153465867,-0.005333451964543152,FALSE,FALSE
165989310,T,-0.02237888984382152,-0.005909684291691471,FALSE,FALSE
165989413,T,-0.02281716279685497,-0.0075254954630508564,FALSE,FALSE
165989415,G,-0.01718498626723885,-0.0063329316559247225,FALSE,FALSE
165989603,T,-0.02096415450796485,-0.01063402958097863,FALSE,FALSE
165989604,T,-0.02007082197815179,-0.012683872401248616,TRUE,FALSE
165989605,G,-0.01357312640175223,-0.01626187941292296,TRUE,FALSE
165989606,T,-0.00196178467012941,-0.016925654525402886,TRUE,FALSE
165989607,G,-0.0304424287751317,-0.016051484577474136,TRUE,FALSE
165989608,A,-0.00772940285969525,-0.01312765665643378,TRUE,FALSE
165989609,A,-0.01911165751516819,-0.01091629023139826,FALSE,FALSE
165989610,A,-0.03457287047058344,-0.009391578714712478,FALSE,FALSE
165989913,T,-0.01630399143323302,-0.001541112893028144,FALSE,FALSE
165989969,T,-0.03054162580519914,-0.011421970021910921,FALSE,FALSE
165989970,T,-0.02107805106788873,-0.01234860792756076,TRUE,FALSE
165989971,G,-0.01380589697510004,-0.0143840422853827,TRUE,FALSE
165989972,C,-0.02860200032591819,-0.014238988934084726,TRUE,FALSE
165989976,A,-0.02078097872436046,-0.005156397866085126,FALSE,FALSE
165990006,A,-0.02343473117798566,-0.0069522666861302675,FALSE,FALSE
165990024,C,-0.01141041284427046,-0.01250275941565628,TRUE,FALSE
165990025,T,-3.8208719342947e-4,-0.014009722764603747,TRUE,FALSE
165990026,G,-0.00946525821927934,-0.014983524172566784,TRUE,FALSE
165990027,A,-0.00438946852227672,-0.016357530257664572,TRUE,FALSE
165990028,C,-0.03280076943337917,-0.01991453897790047,TRUE,FALSE
165990029,A,-0.0315462090075016,-0.021256289031589357,TRUE,FALSE
165990030,T,-0.02492474019527435,-0.022265972528839436,TRUE,FALSE
165990031,A,-0.02107612416148185,-0.02177095809020097,TRUE,FALSE
165990032,T,-0.02932027727365493,-0.022078928590053646,TRUE,FALSE
165990033,G,-0.03383004292845726,-0.01987904683337542,TRUE,FALSE
165990034,G,-0.0248279133811593,-0.017111396894324525,TRUE,FALSE
165990035,T,-0.01047892216593027,-0.015851490723434787,TRUE,FALSE
165990036,T,-0.00451511383289471,-0.014168469992000563,TRUE,FALSE
165990037,T,-0.00746917352080345,-0.01283823862904678,TRUE,FALSE
165990122,C,-0.0266329888254404,-0.011375445022713345,FALSE,FALSE
165990123,T,-0.02145517710596323,-0.010653165669646065,FALSE,FALSE
165990244,C,-0.0181697504594922,-5.79512782860507e-4,FALSE,FALSE
165990250,G,-0.02185999043285846,-0.007603009592276025,FALSE,FALSE
165990258,G,-0.01636132271960377,-0.003915012325160167,FALSE,FALSE
165990274,A,-0.02996699698269367,-0.005075298354495279,FALSE,FALSE
165990688,A,-0.01666936837136745,-0.010280222797882706,FALSE,FALSE
165990692,C,-0.01761386357247829,-0.00865145068673879,FALSE,FALSE
165990714,C,-0.01188247837126255,-0.01332922371802848,TRUE,FALSE
165990715,C,-0.01768930768594145,-0.014681699255015664,TRUE,FALSE
165990716,A,-0.02115859370678663,-0.016228873410727793,TRUE,FALSE
165990717,T,-0.01704101078212261,-0.017316817189566756,TRUE,FALSE
165990718,G,-0.02158716972917318,-0.01737816545646634,TRUE,FALSE
165990719,T,-0.02295733988285064,-0.016542412620037757,TRUE,FALSE
165990720,G,-0.02645277231931686,-0.015353731694631242,TRUE,FALSE
165990721,G,-0.01737012341618538,-0.013736844784580135,TRUE,FALSE
165990722,T,-0.01275778375566005,-0.01275502645876255,TRUE,FALSE
165990735,C,-0.01618123659864068,-0.008651905780425257,FALSE,FALSE
165990740,G,-0.01823972817510366,-0.005779652786441108,FALSE,FALSE
165991195,T,-0.01663687126711011,-0.0031308803678257017,FALSE,FALSE
165991281,C,-0.0121479220688343,-0.012278307194355834,TRUE,FALSE
165991282,T,-0.01188627374358475,-0.01270275858696546,TRUE,FALSE
165991283,C,-0.01160187786445021,-0.012508678133599418,TRUE,FALSE
165991284,A,-0.0151368835940957,-0.012360110809095163,TRUE,FALSE
165991286,G,-0.01289831520989537,-0.012276954343542415,TRUE,FALSE
165991287,T,-0.011441754642874,-0.01266075198072936,TRUE,FALSE
165991288,T,-0.0081652095541358,-0.01261134345550086,TRUE,FALSE
165991426,C,0.00951924128457903,-0.012561757909133997,TRUE,FALSE
165991427,C,0.00497272075153887,-0.014082932809833405,TRUE,FALSE
165991428,A,-0.05962396785616875,-0.014699407934676823,TRUE,FALSE
165991429,C,-0.03551949001848698,-0.016985099145676908,TRUE,FALSE
165991430,C,-0.03436345234513283,-0.01598096609814089,TRUE,FALSE
165991431,T,-0.03350739367306232,-0.016656553081702406,TRUE,FALSE
165991432,T,-0.00416084134485572,-0.017566572513896938,TRUE,FALSE
165991498,T,-0.01774691371247172,-0.007560336613096264,FALSE,FALSE
165991514,T,-0.02098936634138226,-0.006156131665920808,FALSE,FALSE
165991515,G,-0.02586038690060377,-0.007783235324313832,FALSE,FALSE
165991524,T,-0.00290438148658722,-0.013117590569891003,TRUE,FALSE
165991525,A,-0.00392395793460309,-0.014399838657118347,TRUE,FALSE
165991526,C,-0.01721482165157795,-0.015307979343924638,TRUE,FALSE
165991527,T,-0.01990044210106134,-0.015474526409525392,TRUE,FALSE
165991528,T,-0.02112190006300807,-0.015056568931322512,TRUE,FALSE
165991529,C,-0.03555488400161266,-0.014570338558405605,TRUE,FALSE
165991530,C,-0.02175452839583158,-0.013040449027903345,TRUE,FALSE
165991647,T,-0.02164439391344785,-0.011917583912145318,FALSE,FALSE
165991648,A,-0.04320280067622661,-0.013954683288466158,TRUE,FALSE
165991649,G,-0.01796470023691654,-0.012792632752098115,TRUE,FALSE
165991699,C,0.01457145041786134,-0.01605194811709223,TRUE,FALSE
165991700,C,0.01083085103891789,-0.03140569711104033,TRUE,FALSE
165991701,A,-0.04970361106097698,-0.044337336998432855,TRUE,FALSE
165991702,C,-0.0933169275522232,-0.05208866093307731,TRUE,FALSE
165991703,T,-0.06986138224601746,-0.05402426724322138,TRUE,FALSE
165991704,C,-0.03538950253278017,-0.05862129994202403,TRUE,FALSE
165991705,A,-0.1382734701037407,-0.060799727728590346,TRUE,FALSE
165991706,C,-0.11288803070783617,-0.05714494896819813,TRUE,FALSE
165991707,C,-0.06198758818209171,-0.04865892929956315,TRUE,FALSE
165991708,A,-0.00422446150332689,-0.04448635959997771,TRUE,FALSE
165991709,T,-0.03139887657016516,-0.04236133736558256,TRUE,FALSE
165991710,G,-0.01095342682674527,-0.028222608799114802,TRUE,FALSE
165991711,G,-0.01315582345705479,-0.017694008746184386,TRUE,FALSE
165991712,G,-0.00845673086587339,-0.013626435608603039,TRUE,FALSE
165991713,C,-0.02813568525016308,-0.016207222384400644,TRUE,FALSE
165991714,A,-0.0141392801888287,-0.016142708272673167,TRUE,FALSE
165991715,A,0.00311381556093692,-0.017477044439874568,TRUE,FALSE
165991716,A,-0.007602030178532,-0.01804254896705968,TRUE,FALSE
165991717,T,-0.02131185680627823,-0.018781274859793463,TRUE,FALSE
165991718,C,-0.03003232926130294,-0.017817492992617166,TRUE,FALSE
165991719,C,-0.03075373545289039,-0.018154178862459937,TRUE,FALSE
165991720,A,-0.02429678849875927,-0.018795188632793704,TRUE,FALSE
165991721,T,-0.01881086872890591,-0.018929659156128743,TRUE,FALSE
165991722,G,-0.01584398979321122,-0.017874446185305693,TRUE,FALSE
165991723,G,-0.01849786657840013,-0.016857298789545873,TRUE,FALSE
165991724,C,-0.01750613888725638,-0.015029298001900292,TRUE,FALSE
165991725,A,-0.00329628214240074,-0.01355483792722223,TRUE,FALSE
165991726,A,-0.0089467354118824,-0.01320416275411842,TRUE,FALSE
165991727,T,-0.01075972709804773,-0.01329712434671817,TRUE,FALSE
165991728,G,-0.01986085530370474,-0.012763733835890866,TRUE,FALSE
165991730,G,-0.00955218775197863,-0.012699053820688255,TRUE,FALSE
165991731,C,-0.01530411699786782,-0.013856354227755196,TRUE,FALSE
165991732,T,-0.01677360571920871,-0.013103567645885028,TRUE,FALSE
165991736,G,-0.02051973948255181,-0.010139050256111637,FALSE,FALSE
165991748,G,-0.01812177337706089,-0.008016057877102847,FALSE,FALSE
165991754,G,-0.01723486185073852,-0.004263567406451309,FALSE,FALSE
165991767,T,-0.02053372329100966,-0.008793501986656316,FALSE,FALSE
165991768,T,-0.01753057114547118,-0.008596321067307122,FALSE,FALSE
165991779,T,-0.01766243437305092,-0.00606075619580222,FALSE,FALSE
165991789,G,-0.02005637064576149,-0.005734552018111555,FALSE,FALSE
165991790,A,-0.0256373262964189,-0.006486663414398191,FALSE,FALSE
165991791,T,-0.01692505087703466,-0.006505212472984551,FALSE,FALSE
165991792,A,-0.01775236075627617,-0.005803951129200851,FALSE,FALSE
165991884,T,-0.0177550190128386,-0.006125601968960812,FALSE,FALSE
165991959,T,0.00330644496716558,-0.014105999100138409,TRUE,FALSE
165991960,A,-4.2228982783854e-4,-0.019211564867873652,TRUE,FALSE
165991961,T,-0.01034583011642098,-0.02273320863314436,TRUE,FALSE
165991962,G,-0.01933495700359344,-0.02526668661739675,TRUE,FALSE
165991963,A,-0.02488176431506872,-0.030048924521543063,TRUE,FALSE
165991964,T,-0.05934210866689682,-0.03352430383674798,TRUE,FALSE
165991965,G,-0.06089889816939831,-0.036232653097249545,TRUE,FALSE
165991966,A,-0.04950481094419956,-0.03996119180228559,TRUE,FALSE
165991967,T,-0.02583688753657043,-0.03902544605080036,TRUE,FALSE
165991968,G,-0.05322814360260963,-0.03578398789977653,TRUE,FALSE
165991969,T,-0.03144734818488359,-0.029154465941246578,TRUE,FALSE
165991970,A,-0.02750578243285417,-0.02319784079445524,TRUE,FALSE
165991971,A,-0.04763121716678142,-0.01762014207197351,TRUE,FALSE
165991972,C,-0.00997749948874116,-0.014392729975224916,TRUE,FALSE
165992042,T,-0.01722683943808078,-0.007150782248936569,FALSE,FALSE
165992167,T,-0.01753308065235614,-0.006011235062032912,FALSE,FALSE
166027115,A,-0.02138091041706502,-0.005017577355829392,FALSE,FALSE
166027116,G,-0.01819399651139974,-0.004734757405458342,FALSE,FALSE
166042575,T,-0.0173121253028512,-0.008071077347267397,FALSE,FALSE
166042576,C,-0.01769518759101629,-0.007085024437401421,FALSE,FALSE
166042588,A,-0.01745265116915106,-0.00640197733882812,FALSE,FALSE
166042608,T,-0.01146132033318281,-0.012248746078694216,TRUE,FALSE
166042609,T,-0.00840188632719218,-0.014611463155597424,TRUE,FALSE
166042610,A,-0.01980102155357599,-0.015297623461810846,TRUE,FALSE
166042611,G,-0.01705154357478022,-0.015038465030374912,TRUE,FALSE
166042612,T,-0.03022204060107469,-0.01533165328728498,TRUE,FALSE
166042613,C,-0.02636067662388086,-0.013967847809544737,TRUE,FALSE
166042614,A,-0.02666161675006151,-0.01296809049381406,TRUE,FALSE
166043798,A,-0.02249632589519024,-0.007612262017209983,FALSE,FALSE
166043827,A,-0.01740029593929648,-0.003880807614768826,FALSE,FALSE
166043888,C,-0.00797529704868793,-0.012976507641724278,TRUE,FALSE
166043889,A,-0.00898674363270402,-0.012876765636610766,TRUE,FALSE
166043890,A,-0.01155507192015647,-0.01270808217814189,TRUE,FALSE
166043891,G,-0.0214002039283514,-0.012321311398409274,TRUE,FALSE
166043892,G,-0.02286828169599175,-0.01213632716098797,FALSE,FALSE
166043893,A,-0.01887378375977277,-0.011757179212872837,FALSE,FALSE
166044608,G,-0.0177247324027121,-0.009225582925137097,FALSE,FALSE
166044609,A,-0.01786794932559132,-0.009455035306746105,FALSE,FALSE
166070399,A,-0.01827565161511302,-0.004371424886630818,FALSE,FALSE
166090970,A,-0.00945143075659871,-0.012274505279492556,TRUE,FALSE
166090971,T,-0.01649375492706895,-0.0126661365269683,TRUE,FALSE
166090972,T,-0.01251909369602799,-0.01331751326797527,TRUE,FALSE
166090973,A,-0.02141978405416011,-0.013823693606536805,TRUE,FALSE
166090974,C,-0.01741811819374561,-0.014126079599373013,TRUE,FALSE
166090975,T,-0.02233951352536678,-0.01315812487155196,TRUE,FALSE
166091092,A,-0.01792287640273571,-0.0018982887500896758,FALSE,FALSE
166091117,A,-0.01761312922462821,0.023383354389807237,FALSE,TRUE
166091182,G,-0.07493077218532562,0.009491795301437402,FALSE,FALSE
166091662,G,-0.0171397877857089,-0.001238565496896599,FALSE,FALSE
166093230,A,-0.01983060827478766,-0.006193981553951713,FALSE,FALSE
166093239,G,-0.00439169214223511,-0.012576126575004277,TRUE,FALSE
166093241,A,-0.03651648829691112,-0.01239198354160177,TRUE,FALSE
166093242,T,-0.03241097228601575,-0.011484972939069815,FALSE,FALSE
166106845,A,-0.01557383313775062,-0.012293819471960853,TRUE,FALSE
166106847,T,-0.0247624022886157,-0.012220715757575783,FALSE,FALSE
166106848,G,-0.02254882850684225,-0.016467341282987002,TRUE,FALSE
166106849,C,-0.01775590144097805,-0.018210640727193063,TRUE,FALSE
166106850,C,-0.01495340280234813,-0.016849741977057388,TRUE,FALSE
166106851,C,-0.00516668419004417,-0.015441272029420328,TRUE,FALSE
166106852,T,-0.01113035320304334,-0.013908339146291804,TRUE,FALSE
166106853,C,-0.03265279624611139,-0.01420121064293195,TRUE,FALSE
166106854,T,-0.02493707276880741,-0.011844053544336899,FALSE,FALSE
166106858,G,-0.02547754347324371,-0.006766964410780898,FALSE,FALSE
166107067,A,-0.01642962289042771,-0.0059403263585408855,FALSE,FALSE
166125113,C,-0.01504726312123239,-0.0133476160415739,TRUE,FALSE
166125114,T,-0.01124383090063929,-0.014514352238984401,TRUE,FALSE
166125115,A,-0.01160018469090573,-0.015727533381505027,TRUE,FALSE
166125116,A,-0.01821233937516808,-0.01621096639755703,TRUE,FALSE
166125117,T,-0.02187679379130713,-0.016308792982090353,TRUE,FALSE
166125118,G,-0.02072430020780302,-0.015303983430567287,TRUE,FALSE
166125119,C,-0.02149048861974734,-0.014915986224150374,TRUE,FALSE
166125120,A,-0.01809846862306585,-0.015539636586981913,TRUE,FALSE
166125121,A,-0.01308733053156174,-0.015020882025783038,TRUE,FALSE
166125122,T,-0.0117069299594732,-0.015091745362224147,TRUE,FALSE
166125123,C,-0.00499916760600172,-0.015306568031155593,TRUE,FALSE
166125124,T,-0.00736385883647017,-0.014715346688899417,TRUE,FALSE
166125125,C,-0.01783668831922114,-0.014624098663625745,TRUE,FALSE
166125126,A,-0.01302479376317933,-0.01405927373125448,TRUE,FALSE
166125127,A,-0.0225854271557182,-0.014144250092795092,TRUE,FALSE
166125128,T,-0.02287252689711749,-0.015871891702408873,TRUE,FALSE
166125129,T,-0.01557827519718557,-0.016492358292452963,TRUE,FALSE
166125130,G,-0.01718598837032914,-0.015708665322745192,TRUE,FALSE
166125131,A,-0.00743908120784908,-0.015076316015620223,TRUE,FALSE
166125132,G,-0.01255669357487931,-0.01335535228281512,TRUE,FALSE
166125133,C,-0.02227558370213955,-0.010934881785942681,FALSE,FALSE
166125141,C,-0.01741878877510316,-0.009431298509298334,FALSE,FALSE
166125142,A,-0.01688533092965372,-0.010865070893487403,FALSE,FALSE
166125143,T,-0.01529184728860855,-0.012569771458220177,TRUE,FALSE
166125144,G,-0.0235385512933135,-0.01465861287870209,TRUE,FALSE
166125145,C,-0.01057347102323547,-0.016529929783428064,TRUE,FALSE
166125146,T,-0.0076546169584617,-0.016269354897667627,TRUE,FALSE
166125147,T,-0.01971351366955787,-0.01576603392604736,TRUE,FALSE
166125148,C,-0.01571482757572084,-0.015978580410592233,TRUE,FALSE
166125149,A,-0.02308989944867789,-0.015831758838612563,TRUE,FALSE
166125150,T,-0.01541845087194815,-0.018273063126252938,TRUE,FALSE
166125151,T,-0.01481303991749882,-0.02030303426436146,TRUE,FALSE
166125152,C,-0.01185212121345102,-0.02221819575061088,TRUE,FALSE
166125153,A,-0.01741731213405728,-0.02417553013074209,TRUE,FALSE
166125154,C,-0.02207033557351678,-0.024149734684033294,TRUE,FALSE
166125155,T,-0.03498651389963925,-0.024987543956376587,TRUE,FALSE
166125156,A,-0.02795432833954692,-0.024302028014790242,TRUE,FALSE
166125157,A,-0.03886512853205204,-0.02380296448245642,TRUE,FALSE
166125158,T,-0.03528817137703299,-0.023597283649723952,TRUE,FALSE
166125159,T,-0.02283194498158991,-0.023185411468148207,TRUE,FALSE
166125160,A,-0.02379654359538108,-0.02062639046926049,TRUE,FALSE
166125161,G,-0.00795788050163537,-0.018944573798216853,TRUE,FALSE
166125162,A,-0.00686148589011281,-0.015801128651946758,TRUE,FALSE
166125163,A,-0.01536050380673259,-0.013507070136256492,TRUE,FALSE
166125164,T,-0.01795161375775933,-0.012258729897439456,TRUE,FALSE
166125837,T,-0.01915975636802613,-0.008169290504883955,FALSE,FALSE
166125841,C,-0.01628476218320429,-0.009539194853277855,FALSE,FALSE
166126173,G,-0.02142274193465709,-0.009386024289415202,FALSE,FALSE
166126176,C,-0.01847970113158226,-0.011933869810309245,FALSE,FALSE
166126189,C,-0.0168214333243668,-0.007865066663362069,FALSE,FALSE
166126191,A,-0.0185361998155713,-0.008114923062385043,FALSE,FALSE
166126261,T,-0.01719738962128758,-0.0017050961498170953,FALSE,FALSE
166126264,C,-0.01767786522395909,-0.008067132452561038,FALSE,FALSE
166126268,A,-0.02226984547451138,-0.006445405284466674,FALSE,FALSE
166126299,A,-0.02013946673832833,-0.006627568334806697,FALSE,FALSE
166126300,T,-0.01720617490354925,-0.006975858466466875,FALSE,FALSE
166126307,A,-0.01630729530006647,-0.0019417090225033345,FALSE,FALSE
166126314,T,-0.02215558849275112,-0.008393340592738227,FALSE,FALSE
166126317,C,-0.02133785653859377,-0.010403314844006657,FALSE,FALSE
166126332,T,-0.01935430243611335,-0.007614011934492721,FALSE,FALSE
166126363,C,-0.00584934884682297,-0.014061217929702236,TRUE,FALSE
166126364,A,-0.01407102216035127,-0.015179868764244004,TRUE,FALSE
166126365,G,-0.01593459397554397,-0.014850010687950981,TRUE,FALSE
166126366,T,-0.02808840107172727,-0.014902593113947643,TRUE,FALSE
166126367,C,-0.02799657080322504,-0.014441445784177614,TRUE,FALSE
166126368,A,-0.02946847770363092,-0.014001203427324055,TRUE,FALSE
166126369,T,-0.01443546777591109,-0.012454092927509902,TRUE,FALSE
166126379,A,-0.01765547413378954,-0.005849792747176239,FALSE,FALSE
166126380,T,-0.01775954384356737,-0.006386042371741482,FALSE,FALSE
166126478,A,7.3598569724708e-4,-0.013145919435191885,TRUE,FALSE
166126479,A,-0.02095310389995575,-0.014281719061546013,TRUE,FALSE
166126480,G,-0.01801067776978016,-0.015724054805468755,TRUE,FALSE
166126481,G,-0.03380860760807991,-0.015391877980437115,TRUE,FALSE
166126482,T,-0.04752450063824653,-0.014702752267476157,TRUE,FALSE
166126483,A,-0.01631400547921657,-0.01448112920625134,TRUE,FALSE
166127087,T,-0.01526430342346429,-0.013453951454721386,TRUE,FALSE
166127088,A,-0.01257880474440753,-0.01882950440049171,TRUE,FALSE
166127089,A,-0.00978878326714038,-0.02009348385035991,TRUE,FALSE
166127090,A,-0.01909229019656777,-0.02142405931372195,TRUE,FALSE
166127091,A,-0.01367268385365605,-0.023187067522667342,TRUE,FALSE
166127092,G,-0.04066087491810322,-0.02460293134208768,TRUE,FALSE
166127093,T,-0.0530169066041708,-0.023622896615415806,TRUE,FALSE
166127094,A,-0.0164977153763175,-0.023624394123908127,TRUE,FALSE
166127095,A,-0.02102641947567463,-0.023213708668481554,TRUE,FALSE
166127096,G,-0.03027189336717128,-0.02283528876723721,TRUE,FALSE
166127097,T,-0.02942294161766767,-0.01908493629889562,TRUE,FALSE
166127098,C,-0.00277845747768878,-0.014651864406187081,TRUE,FALSE
166127099,A,-0.00980375835206359,-0.013867442717310035,TRUE,FALSE
166127100,A,-0.01498543564230203,-0.013254531321581447,TRUE,FALSE
166127201,G,-0.02267266996204853,0.0010238061426207402,FALSE,FALSE
166127202,A,-0.02177883312106132,-3.223065752536086e-4,FALSE,FALSE
166127214,C,-0.02056607324630022,-0.009894793372950517,FALSE,FALSE
166127215,T,-0.02550415135920047,-0.009770590727566742,FALSE,FALSE
166127216,T,-0.02712726965546608,-0.011181271597160957,FALSE,FALSE
166127217,C,-0.02176555199548602,-0.012474454496987163,TRUE,FALSE
166127218,C,-0.02109658624976873,-0.01463406996335834,TRUE,FALSE
166127219,T,-0.00874901737552136,-0.013193194498308001,TRUE,FALSE
166127231,T,-0.01698673889040947,-0.009594947809819128,FALSE,FALSE
166127232,G,-0.01972309499979019,-0.01017309405142441,FALSE,FALSE
166127233,A,-0.01644835015758872,-0.010915972862858319,FALSE,FALSE
166127265,T,0.01527152210474014,-0.013320491660851983,TRUE,FALSE
166127266,C,-0.01289948588237166,-0.01517759076086804,TRUE,FALSE
166127267,A,-0.01490813912823796,-0.017452191631309684,TRUE,FALSE
166127268,G,-0.03720138873904943,-0.017173469206318258,TRUE,FALSE
166127269,G,-0.05369033478200435,-0.01577243824722245,TRUE,FALSE
166127270,A,-0.0415758453309536,-0.016731153975706545,TRUE,FALSE
166127271,A,-0.01834477111697197,-0.014987561746966091,TRUE,FALSE
166127304,G,-0.01663573767291382,-0.006623170081002165,FALSE,FALSE
166127320,C,-0.01616764860227704,-0.01065858687506988,FALSE,FALSE
166127321,T,-0.01043297373689711,-0.01356307157548144,TRUE,FALSE
166127322,T,-0.0133852707222104,-0.015777464513666923,TRUE,FALSE
166127323,T,0.005250487010926,-0.020979486475698646,TRUE,FALSE
166127324,C,-0.02284646313637495,-0.025799358193762594,TRUE,FALSE
166127325,T,-0.02426801435649395,-0.026706182002089913,TRUE,FALSE
166127326,T,-0.03527583740651607,-0.0271489153150469,TRUE,FALSE
166127327,C,-0.03254229389131069,-0.025848960911389433,TRUE,FALSE
166127328,C,-0.05468694120645523,-0.02613044044701382,TRUE,FALSE
166127329,T,-0.05363862589001655,-0.025464667181950056,TRUE,FALSE
166127330,G,-0.02523588668555021,-0.02422453012550249,TRUE,FALSE
166127331,T,-0.01486030686646699,-0.021979855338577176,TRUE,FALSE
166127332,G,-3.8572668563574e-4,-0.020535192184615875,TRUE,FALSE
166127333,G,0.00243569165468215,-0.016682545293588185,TRUE,FALSE
166127334,A,-0.01618873048573732,-0.0118926320108585,FALSE,FALSE
166127337,T,-0.01809566235169768,-0.008115797350183125,FALSE,FALSE
166127381,A,-0.02438654284924268,0.013893532473593956,FALSE,TRUE
166127426,G,-0.02297035837545991,-0.01349704371532424,TRUE,FALSE
166127427,G,-0.00516666797921061,-0.01392037257319315,TRUE,FALSE
166127428,A,-0.03501851484179497,-0.014552966400515274,TRUE,FALSE
166127429,G,-0.01098943804390728,-0.01601758134202099,TRUE,FALSE
166127430,G,-0.00817400752566754,-0.01655952796572818,TRUE,FALSE
166127431,G,-0.01980697526596486,-0.015598869055975215,TRUE,FALSE
166127432,G,-0.01530005363747477,-0.016411791893187897,TRUE,FALSE
166127433,G,-0.00806711986660957,-0.01305778772803022,TRUE,FALSE
166127434,C,-0.02303874865174293,-0.01285911150043829,TRUE,FALSE
166127435,T,-0.01706339546944946,-0.012349751929286853,TRUE,FALSE
166127452,G,0.0234254328534007,-0.013762638438493003,TRUE,FALSE
166127453,G,-0.02374357637017965,-0.01672604391351341,TRUE,FALSE
166127454,A,-0.06824537366628647,-0.019729092624038446,TRUE,FALSE
166127455,C,-0.03231254871934652,-0.020699688792228686,TRUE,FALSE
166127456,C,-0.05376726575195789,-0.02303817975334822,TRUE,FALSE
166127457,T,-0.04569632932543754,-0.025185925839468826,TRUE,FALSE
166127458,T,7.5083412230014e-4,-0.024653360387310374,TRUE,FALSE
166127459,G,-0.02297593466937542,-0.01829773518256842,TRUE,FALSE
166127460,A,-2.2197049111127e-4,-0.015549717051908362,TRUE,FALSE
166127463,A,-0.01841792184859514,-0.005112341418862331,FALSE,FALSE
166127469,A,-0.01844642439391464,-0.007708400860428799,FALSE,FALSE
166127471,G,-0.02185431425459683,-0.010245351772755373,FALSE,FALSE
166127476,G,-0.01715019810944795,-0.003832045150920739,FALSE,FALSE
166127490,T,-0.03192726243287325,-0.013508659799117587,TRUE,FALSE
166127491,G,-0.0362192802131176,-0.013760468142572781,TRUE,FALSE
166127492,G,-0.03455113340169191,-0.014282219496089956,TRUE,FALSE
166127493,C,-0.02689086087048053,-0.017289676202926776,TRUE,FALSE
166127494,C,-0.02717065066099167,-0.022418735222890965,TRUE,FALSE
166127495,A,-0.03212157264351845,-0.021663995599374167,TRUE,FALSE
166127496,G,0.01436276780441403,-0.022115485230460755,TRUE,FALSE
166127497,A,0.00229217484593391,-0.02196178478188812,TRUE,FALSE
166127498,T,-0.0104694003239274,-0.020469580686767578,TRUE,FALSE
166127499,G,-0.04149213433265686,-0.017842905016732392,TRUE,FALSE
166127500,C,-0.02437986619770527,-0.012676883503445415,TRUE,FALSE
166127501,C,-0.04073417652398348,-0.013701278212829484,TRUE,FALSE
166127502,A,-0.03301412891596556,-0.014665211280225767,TRUE,FALSE
166127503,A,-0.01196881991927512,-0.013914534202194764,TRUE,FALSE
166127513,G,-0.01710328320041299,0.0010242851800285342,FALSE,FALSE
166127523,T,-0.02358164126053452,-0.010027414595242581,FALSE,FALSE
166127527,A,-0.02331497427076101,-0.005438841553404921,FALSE,FALSE
166127528,T,-0.02409247541800141,-0.006531454809010022,FALSE,FALSE
166127529,C,-0.01652681245468557,-0.012977595161646599,TRUE,FALSE
166127530,T,0.00211687898263335,-0.019643140723928802,TRUE,FALSE
166127531,T,0.02604735689237713,-0.024671320011839266,TRUE,FALSE
166127532,C,0.00971277034841477,-0.024953165790066116,TRUE,FALSE
166127533,T,-0.03450777381658554,-0.021568329958245154,TRUE,FALSE
166127534,A,-0.07358759827911854,-0.018194915237836534,TRUE,FALSE
166127535,T,-0.06672125495970249,-0.017915707873180503,TRUE,FALSE
166127536,C,-0.04583931714296341,-0.021609381213784213,TRUE,FALSE
166127537,A,-0.02613343205302953,-0.021930003142915662,TRUE,FALSE
166127538,A,0.00975588290020823,-0.017557733994908627,TRUE,FALSE
166127539,A,0.01720733474940061,-0.012537249666638666,TRUE,FALSE
166127544,T,-0.02338275499641895,-0.006082644429989152,FALSE,FALSE
166127549,T,-0.0162641848437488,-0.0018240631790831616,FALSE,FALSE
166127559,A,-0.04702756926417351,-0.005886717024259263,FALSE,FALSE
166127560,C,-0.02582790842279792,-0.006523757451213889,FALSE,FALSE
166127562,T,-0.06201213877648115,-0.0028421947965398373,FALSE,FALSE
166127574,A,-0.03988360054790974,-0.005858664680272332,FALSE,FALSE
166127575,T,-0.02230495028197765,-0.007245001173578194,FALSE,FALSE
166127578,A,0.00438992725685238,-0.012745502963662139,TRUE,FALSE
166127580,G,-0.02465734910219907,-0.008290381822735064,FALSE,FALSE
166127581,G,-0.03152915276587009,-0.009378257486969225,FALSE,FALSE
166127582,T,-0.03517557308077812,-0.011856060195714228,FALSE,FALSE
166127583,T,-0.01305691199377179,-0.012841603206470598,TRUE,FALSE
166127632,A,-0.02179073228035122,-0.009136831120122212,FALSE,FALSE
166127634,G,1.7084629507735e-4,-0.012904135382268566,TRUE,FALSE
166127635,G,-0.01118713349569588,-0.017762421548832195,TRUE,FALSE
166127636,G,-0.0186894612852484,-0.020071718096733082,TRUE,FALSE
166127637,G,-0.01699780981289223,-0.01718608201481401,TRUE,FALSE
166127638,A,-0.01381045905873179,-0.018242393154650916,TRUE,FALSE
166127639,C,-0.03207796066999435,-0.02081557929632253,TRUE,FALSE
166127640,A,-0.04734393954277038,-0.020868538686772797,TRUE,FALSE
166127641,G,-0.02568978350609541,-0.020824744150741016,TRUE,FALSE
166127642,T,0.00706562853883951,-0.019474985927809017,TRUE,FALSE
166127643,T,-0.02386385900899768,-0.019127322908025223,TRUE,FALSE
166127644,G,-0.02556101512163877,-0.014890617469791312,TRUE,FALSE
166127646,T,-0.01825151592493057,-0.008437269076239307,FALSE,FALSE
166127653,A,-0.01932064024731517,-0.013832888775505115,TRUE,FALSE
166127654,C,-0.02467422187328338,-0.01700318525545298,TRUE,FALSE
166127655,A,-0.0169593091122806,-0.01795672746375202,TRUE,FALSE
166127656,C,-0.00966583308763802,-0.018365179374814022,TRUE,FALSE
166127657,A,-0.02754583582282066,-0.017185218119993795,TRUE,FALSE
166127658,T,-0.03277779556810856,-0.015035417623585078,TRUE,FALSE
166127659,A,-0.02141387108713388,-0.014145045302575442,TRUE,FALSE
166127661,A,-0.01017813570797443,-0.012763323338003818,TRUE,FALSE
166127666,T,-0.0222494900226593,-0.010603787057334547,FALSE,FALSE
166127668,G,-0.02521998435258865,-0.010117404873017212,FALSE,FALSE
166127669,A,-0.02166495099663734,-0.00801965208956971,FALSE,FALSE
166127677,C,-0.01688681187806651,-0.004590868466766542,FALSE,FALSE
166127680,T,-0.01825573854148388,-0.009619117801776145,FALSE,FALSE
166127684,C,-0.01821565092541277,-0.007573047024197865,FALSE,FALSE
166127699,T,-0.01796364691108465,-0.010114646976580833,FALSE,FALSE
166127700,G,-0.02264523925259709,-0.011130900034913783,FALSE,FALSE
166127703,C,-0.02408410981297493,-0.010553267376963037,FALSE,FALSE
166127756,A,-0.02161615691147744,0.0030092287110164884,FALSE,FALSE
166127757,A,-0.02791856415569782,0.0057870448799803974,FALSE,FALSE
166127758,T,-0.02715287823230028,0.007649331656284643,FALSE,FALSE
166127772,T,-0.01927292998880148,0.02756923690903933,FALSE,TRUE
166127837,A,-0.01720751589164138,-5.91814459767179e-4,FALSE,FALSE
166127876,A,-0.01773966383188963,-0.014424040366429821,TRUE,FALSE
166127878,A,-0.05458655487746,-0.009658841858617947,FALSE,FALSE
166127879,G,-0.03364111483097076,-0.006160582206211971,FALSE,FALSE
166127880,G,-0.02697580773383379,-0.005269786820281284,FALSE,FALSE
166127881,T,-0.02917583938688039,-0.005635814683046179,FALSE,FALSE
166127886,A,-0.02139994245953858,0.005159098294097943,FALSE,FALSE
166127887,A,-0.02421108121052384,0.0011009874171577533,FALSE,FALSE
166127905,A,-0.01755919959396124,0.0056842253776267304,FALSE,FALSE
166127909,T,-0.02310211211442947,-0.0011333827511407313,FALSE,FALSE
166127911,A,-0.02864983212202787,-5.867278319783373e-4,FALSE,FALSE
166127971,A,-0.01877599395811557,-0.0020285561739001256,FALSE,FALSE
166127975,A,-0.01864469051361084,-0.005829645448829963,FALSE,FALSE
166127992,T,-0.01752600981853902,0.007937899639364346,FALSE,FALSE
166128024,T,-0.02123716752976179,-0.005907442816533135,FALSE,FALSE
166128038,A,-0.01724457461386919,-0.010504128725733596,FALSE,FALSE
166128039,A,-0.02626646775752306,-0.012597597751300768,TRUE,FALSE
166128040,A,-0.02204015012830496,-0.01224408027483149,FALSE,FALSE
166128041,T,-0.0354224395705387,-0.014244406844954923,TRUE,FALSE
166128042,A,-0.02365140058100223,-0.016072745330166057,TRUE,FALSE
166128043,G,0.00236423127353191,-0.014299091498833136,TRUE,FALSE
166128044,C,-0.00271215848624706,-0.013003261422272757,TRUE,FALSE
166128047,G,-0.01848735753446817,-0.007784194499254211,FALSE,FALSE
166128064,A,-0.01256922306492924,-0.014942647702991946,TRUE,FALSE
166128065,A,-0.01311755366623401,-0.016128371376544222,TRUE,FALSE
166128066,A,-0.01823862083256244,-0.01715026632882653,TRUE,FALSE
166128067,A,-0.01932204607874155,-0.016288898629136368,TRUE,FALSE
166128068,A,-0.0112343062646687,-0.01730286264792083,TRUE,FALSE
166128069,G,-0.03599493205547333,-0.01745013981126247,TRUE,FALSE
166128070,T,-0.02134686149656772,-0.01597490829881279,TRUE,FALSE
166128071,C,-0.02040649577975273,-0.014749081979971362,TRUE,FALSE
166128072,A,-0.00158151006326079,-0.012474558682879418,TRUE,FALSE
166128073,A,-0.01921707717701792,-0.011427524493774384,FALSE,FALSE
166128077,A,0.0034231868921779,-0.012355191743699817,TRUE,FALSE
166128079,C,-0.01997260004281997,-0.009143450454575925,FALSE,FALSE
166128080,A,-0.01773281185887754,-0.009434255160158483,FALSE,FALSE
166128081,C,-0.02930128760635852,-0.009561660472536444,FALSE,FALSE
166128082,C,-0.02159977238625288,-0.010324610723182541,FALSE,FALSE
166128112,T,-0.00745749310590326,-0.013162319647381066,TRUE,FALSE
166128113,A,-0.02654512971639633,-0.012407930719200506,TRUE,FALSE
166128114,T,-0.01283495686948299,-0.01249242717167361,TRUE,FALSE
166128115,T,-0.02920595556497574,-0.012527409452013655,TRUE,FALSE
166128116,A,-0.02290716767311096,-0.012871062988415343,TRUE,FALSE
166129915,C,-0.02034764224663376,-0.008195034347590972,FALSE,FALSE
166131287,C,-0.01697077695280313,-0.00224454017588867,FALSE,FALSE
166148316,T,-0.0173999578692019,-0.009067783231148473,FALSE,FALSE
166148339,A,-0.01764888688921928,-0.0102349116670666,FALSE,FALSE
166148340,T,-0.02304152678698301,-0.010052174233715024,FALSE,FALSE
166148753,T,-0.01973812375217676,-0.010758730454836008,FALSE,FALSE
166148864,T,-0.01701190322637558,-0.011862130032386597,FALSE,FALSE
166148867,A,-0.01174521562643349,-0.01243165216874328,TRUE,FALSE
166148868,T,-0.01618738193064928,-0.011739840439986405,FALSE,FALSE
166148869,G,-0.01842436240985989,-0.011226655647624251,FALSE,FALSE
166148889,G,-0.01735232258215546,-0.007704365992685744,FALSE,FALSE
166148926,T,-0.01232820795848965,-0.01430511167272922,TRUE,FALSE
166148927,A,-0.02064669039100408,-0.013809161665267277,TRUE,FALSE
166148928,T,-0.00976503314450383,-0.01367662691918664,TRUE,FALSE
166148929,T,-0.02544886106625199,-0.014826080409693498,TRUE,FALSE
166148930,C,-0.01343745272606611,-0.015256853002938409,TRUE,FALSE
166148931,A,-0.02551695890724659,-0.015449420941877146,TRUE,FALSE
166148932,A,-0.00349510120577178,-0.014613042722339709,TRUE,FALSE
166148933,G,-0.01113134284969419,-0.01341213450359643,TRUE,FALSE
166148934,C,-0.01619070256128907,-0.012241209778585439,FALSE,FALSE
166148946,A,-0.00558413125691004,-0.012396359175909276,TRUE,FALSE
166148947,C,-0.0062114254978951,-0.013034550857264515,TRUE,FALSE
166148948,T,-0.01625871937721967,-0.012737876968458262,TRUE,FALSE
166148949,G,-0.01774323172867298,-0.012330643751192805,TRUE,FALSE
166148950,T,-0.02730199508368969,-0.012913633149582859,TRUE,FALSE
166148951,A,-0.01255145925097167,-0.013543414961895872,TRUE,FALSE
166148952,A,-0.01411093911156058,-0.014923307159915532,TRUE,FALSE
166148953,T,-0.01143795193638652,-0.014252639329060878,TRUE,FALSE
166148954,C,-0.00413271866273134,-0.014780537644401159,TRUE,FALSE
166148955,T,-0.01380375958979129,-0.013530513411387769,TRUE,FALSE
166148956,C,-0.01188194938004016,-0.014058817946352031,TRUE,FALSE
166148957,A,-0.02001034747809171,-0.014890033169649508,TRUE,FALSE
166148958,G,-0.00955204106867313,-0.015059767931234059,TRUE,FALSE
166148959,T,-0.02302221488207578,-0.014781391085125472,TRUE,FALSE
166148960,A,-0.01480175275355577,-0.013806794933043386,TRUE,FALSE
166148961,A,-0.01783450460061431,-0.013554368936456706,TRUE,FALSE
166148962,T,-0.02242309134453535,-0.012148074340075221,FALSE,FALSE
166148969,C,-0.01650182530283928,-0.008133261674083738,FALSE,FALSE
166148970,T,-0.02293558791279792,-0.00810399029869583,FALSE,FALSE
166148973,A,0.00205197767354547,-0.012692046095617082,TRUE,FALSE
166148974,C,-0.00762436143122613,-0.013796431780792739,TRUE,FALSE
166148975,C,-0.00376508431509137,-0.01360473197419193,TRUE,FALSE
166148976,T,-0.01896626688539982,-0.014746240130625633,TRUE,FALSE
166148977,C,-0.02393658179789781,-0.014350999100133743,TRUE,FALSE
166148978,T,-0.02048195712268352,-0.0155584869207814,TRUE,FALSE
166148979,C,-0.02754568215459585,-0.0172340085264295,TRUE,FALSE
166148980,A,-0.02101858984678983,-0.020391246303915943,TRUE,FALSE
166148981,G,-0.01803738856688141,-0.02243556203320619,TRUE,FALSE
166148982,C,-0.00418605655431747,-0.020547948492458057,TRUE,FALSE
166148983,A,-0.01002290053293109,-0.02222370057716031,TRUE,FALSE
166148984,T,-0.02437957748770713,-0.02222200855030675,TRUE,FALSE
166148985,G,-0.03533746208995581,-0.0221924320736434,TRUE,FALSE
166148986,A,-0.03940942417830229,-0.022300373337930036,TRUE,FALSE
166148987,C,-0.00506044639041647,-0.023967916745459627,TRUE,FALSE
166148988,T,-0.03723947796970606,-0.02423669769777913,TRUE,FALSE
166148989,G,-0.02752876188606023,-0.02223863275139589,TRUE,FALSE
166148990,A,-0.02072282508015632,-0.019953729811822963,TRUE,FALSE
166148991,C,-0.01911680120974779,-0.015678096126066486,TRUE,FALSE
166148992,A,-0.0208614906296134,-0.015004675823729451,TRUE,FALSE
166148993,G,-0.01271071005612611,-0.013245394628029284,TRUE,FALSE
166148994,G,-0.00439892802387476,-0.013701350323390182,TRUE,FALSE
166148995,C,-0.0124884326942265,-0.016441029577981648,TRUE,FALSE
166148996,A,0.00334691267926245,-0.016198048077058012,TRUE,FALSE
166148997,T,0.00167375663295388,-0.01564401615178209,TRUE,FALSE
166148998,C,-0.01964666601270437,-0.015887618844862995,TRUE,FALSE
166148999,T,-0.03208831883966923,-0.016297225246671553,TRUE,FALSE
166149000,G,-0.04811961762607097,-0.016514672443736313,TRUE,FALSE
166149001,C,-0.01668698620051145,-0.017486125975847207,TRUE,FALSE
166149002,C,-0.01532117137685418,-0.018764223298057877,TRUE,FALSE
166149003,A,-0.01514673698693513,-0.01835565413348373,TRUE,FALSE
166149004,A,-0.00849499204196035,-0.01660409756004807,TRUE,FALSE
166149005,G,-0.01466290466487407,-0.01239162310957905,TRUE,FALSE
166149021,C,-0.01804180210456252,-0.008791411452693831,FALSE,FALSE
166149023,G,-0.01695291162468493,-0.008701227087294651,FALSE,FALSE
166149024,C,-0.02745504537597298,-0.0075298550014849435,FALSE,FALSE
166149025,T,-0.03009776957333088,-0.007360824546776681,FALSE,FALSE
166149032,T,-0.01915404992178082,-0.008083683531731336,FALSE,FALSE
166149033,G,-0.03267561574466526,-0.008836788451299041,FALSE,FALSE
166149034,C,-0.04454875830560922,-0.006532497401349216,FALSE,FALSE
166149042,T,-0.08262383565306664,0.1252216751221568,FALSE,TRUE
166149048,C,-0.02474562544375658,0.10987430195673373,FALSE,TRUE
166149096,T,-0.02336743846535682,0.006666256434982687,FALSE,FALSE
166149144,A,-0.02160319499671459,-0.002630236709956035,FALSE,FALSE
166149155,T,-0.01808951678685844,2.3191817308547405e-4,FALSE,FALSE
166149156,A,-0.02145542623475194,-5.78164642502047e-4,FALSE,FALSE
166149167,A,-0.01625295868143439,-0.0025026838760822574,FALSE,FALSE
166149189,A,-0.01631238078698516,0.0010282090865076018,FALSE,FALSE
166149279,T,-0.01919361390173435,-0.008292740338947582,FALSE,FALSE
166149541,C,-0.01642621587961912,-0.003326633744290989,FALSE,FALSE
166149569,T,-0.00289207126479595,-0.015498028037836734,TRUE,FALSE
166149570,G,0.0012190070701763,-0.01619010939612049,TRUE,FALSE
166149571,T,0.01033954083686694,-0.018434253981104078,TRUE,FALSE
166149572,G,-0.01614163839258253,-0.022482916590524794,TRUE,FALSE
166149573,G,-0.05008075945079326,-0.024922666215570603,TRUE,FALSE
166149574,T,-0.0645804638043046,-0.02529681815649379,TRUE,FALSE
166149575,G,-0.01683030882850289,-0.02432168510858897,TRUE,FALSE
166149576,A,-0.03378334920853376,-0.024645692942431158,TRUE,FALSE
166149577,G,-0.04776955861598253,-0.021941209037322513,TRUE,FALSE
166149578,T,-0.02870706049725413,-0.015985276130959354,TRUE,FALSE
166153235,G,-0.01861099083907902,-0.008110506153388954,FALSE,FALSE
166153236,T,-0.02266772626899182,-0.007734422755675001,FALSE,FALSE
166171170,A,-0.0181346321478486,-0.007360134036207421,FALSE,FALSE
166171171,T,-0.01629467401653528,-0.007423650241616961,FALSE,FALSE
166181756,G,-0.01675828173756599,-0.00962463316973295,FALSE,FALSE
166181762,T,-0.01692298892885446,-0.003012136626057294,FALSE,FALSE
166181776,A,-0.02205393649637699,-0.005794084980152516,FALSE,FALSE
166181777,T,-0.02129002567380666,-0.006323979003354875,FALSE,FALSE
166181778,C,-0.02100091520696878,-0.007995083369314638,FALSE,FALSE
166181779,A,-0.00864364672452211,-0.01250330624170598,TRUE,FALSE
166181780,A,-0.00980757176876068,-0.012554744200315293,TRUE,FALSE
166181784,T,-0.01731645129621029,-0.004587030410766571,FALSE,FALSE
166181786,G,-0.01623969571664929,0.001991596608422726,FALSE,FALSE
166193568,T,-0.01202536385972052,-0.012716289337185997,TRUE,FALSE
166193571,A,-0.01134034407732542,-0.01267429402723789,TRUE,FALSE
166193572,A,-0.01630560698686167,-0.013242272263596502,TRUE,FALSE
166193573,C,-0.01793527154950425,-0.013663131120119913,TRUE,FALSE
166193574,T,-0.00561457814183086,-0.014572864783985975,TRUE,FALSE
166193575,A,-0.01250464678741991,-0.016324830666417225,TRUE,FALSE
166193576,T,-0.01416585431434214,-0.016800231715023952,TRUE,FALSE
166193577,C,-0.01792523497715592,-0.017774857093172582,TRUE,FALSE
166193578,A,-0.01623395242495462,-0.016947450577572423,TRUE,FALSE
166193579,A,-0.02390886817011051,-0.017984948337834764,TRUE,FALSE
166193580,T,-0.02731394923466723,-0.01909659519587873,TRUE,FALSE
166193581,T,-0.0160943545633927,-0.01951654449367194,TRUE,FALSE
166193582,A,-0.02605186076834798,-0.01901443720125823,TRUE,FALSE
166193583,T,-0.00966120639350265,-0.018648113789095047,TRUE,FALSE
166193584,T,-0.01598955574445426,-0.016463740442122766,TRUE,FALSE
166193585,C,-0.0236211153678596,-0.014548682374879687,TRUE,FALSE
166193586,A,-0.01836534729227423,-0.01409871595678848,TRUE,FALSE
166193587,T,-0.0129041620530188,-0.012437999143730819,TRUE,FALSE
166193588,G,-0.01257071830332279,-0.01295777834020552,TRUE,FALSE
166193589,T,-0.00206513470038771,-0.012355942255817324,TRUE,FALSE
166199865,C,-0.0213200282305479,-0.005238458985695594,FALSE,FALSE
166199866,T,-0.02458192221820354,-0.004664976702770196,FALSE,FALSE
166229773,A,-0.02031021984294057,-0.011318612471222855,FALSE,FALSE
166229774,T,-0.0251226145774126,-0.011944007419515377,FALSE,FALSE
166229775,T,-0.01664749719202518,-0.011445465928409225,FALSE,FALSE
166229776,G,-0.03502966556698084,-0.0121460730792023,FALSE,FALSE
166229777,A,-0.03057922795414924,-0.010935927543323464,FALSE,FALSE
166229853,T,-0.03319148160517216,-0.018599355057813204,TRUE,FALSE
166229854,A,-0.02073503704741597,-0.02502325177192686,TRUE,FALSE
166229855,T,-0.05818434432148933,-0.02602897584438322,TRUE,FALSE
166229856,T,-0.02392771560698747,-0.027222309412900336,TRUE,FALSE
166229857,T,-0.04055566899478435,-0.030614921462256438,TRUE,FALSE
166229858,A,-0.06004754081368446,-0.02522497085155917,TRUE,FALSE
166229859,C,-0.04960992746055126,-0.020604575483594068,TRUE,FALSE
166229860,T,0.00505592999979853,-0.01647938749520106,TRUE,FALSE
166229861,T,-0.00884335546288639,-0.01957523430464787,TRUE,FALSE
166229862,A,-0.01611007330939173,-0.02012612017570061,TRUE,FALSE
166229863,A,0.02070802450180053,-0.01601450069574637,TRUE,FALSE
166229864,T,0.02546891663223505,-0.0179363570990972,TRUE,FALSE
166229865,C,-0.01693246443755924,-0.020373378274962283,TRUE,FALSE
166229866,T,-0.05488618370145559,-0.01983149944571776,TRUE,FALSE
166229867,T,-0.04606452770531177,-0.020328784745652206,TRUE,FALSE
166229868,T,-0.01893134601414203,-0.025983982637990243,TRUE,FALSE
166229869,C,-0.06882849149405956,-0.03129890658892689,TRUE,FALSE
166229870,A,-0.0193142817588523,-0.030620831670239546,TRUE,FALSE
166229871,A,-0.00342456717044115,-0.02515302253887055,TRUE,FALSE
166229872,A,-0.0210829263087362,-0.022090470185503343,TRUE,FALSE
166229873,A,-0.03584395442157984,-0.02303469092585144,TRUE,FALSE
166229874,C,-0.0276803228771314,-0.01853036298416553,TRUE,FALSE
166229875,C,-0.01015171525068581,-0.019582140108104773,TRUE,FALSE
166229876,T,-2.0809238776564e-4,-0.023418072739150354,TRUE,FALSE
166229877,A,-0.01543900417163968,-0.02578860350186003,TRUE,FALSE
166229878,C,-0.02837355341762304,-0.024674924055580028,TRUE,FALSE
166229879,C,-0.02378521207720041,-0.024756437470205107,TRUE,FALSE
166229880,T,-0.02983205299824476,-0.021911692013964035,TRUE,FALSE
166229881,G,-0.04178389348089695,-0.022059425711631754,TRUE,FALSE
166229882,T,-0.04478823393583298,-0.021687471633777,TRUE,FALSE
166229883,C,-0.02470715995877981,-0.01792881001019848,TRUE,FALSE
166229884,A,-0.02849545702338218,-0.01511299113044513,TRUE,FALSE
166229885,T,0.0182957393117249,-0.014166485948953755,TRUE,FALSE
166229890,C,-0.02036700118333101,-0.003828297933796399,FALSE,FALSE
166229895,C,-0.01874967105686664,-0.0028169138066004747,FALSE,FALSE
166229897,G,-0.02025618217885494,-0.002265652042115085,FALSE,FALSE
166229925,G,-0.02005872596055269,-0.0039757814025506155,FALSE,FALSE
166229926,T,-0.02597756125032901,-0.003854722506366648,FALSE,FALSE
166229927,T,-0.02035002224147319,-0.008711996558122315,FALSE,FALSE
166229928,A,-0.0392230674624443,-0.013026249199174323,TRUE,FALSE
166229929,A,-0.01972284447401762,-0.019642271450720707,TRUE,FALSE
166229930,A,0.00917269475758075,-0.020563714555464664,TRUE,FALSE
166229931,G,0.01307701063342392,-0.025164991780184186,TRUE,FALSE
166229932,A,-0.03271994274109602,-0.02874297488015143,TRUE,FALSE
166229933,T,-0.0195876657962799,-0.027628045086748876,TRUE,FALSE
166229934,T,-0.04103258997201919,-0.028056646580807844,TRUE,FALSE
166229935,A,-0.02927315700799226,-0.030512208561412967,TRUE,FALSE
166229936,A,-0.07199033349752426,-0.030283130914904154,TRUE,FALSE
166229937,C,-0.05612985324114561,-0.025643026980105767,TRUE,FALSE
166229938,C,-0.02807376952841878,-0.021949812758248276,TRUE,FALSE
166229939,T,-0.02400885941460728,-0.01712218456668777,TRUE,FALSE
166229940,G,-0.01538292504847049,-0.012646212556865044,TRUE,FALSE
166239694,A,-0.0185371502302587,-0.00426823084708301,FALSE,FALSE
166239734,G,-0.01687179133296013,-0.00863707930548114,FALSE,FALSE
166239737,A,-0.01765325805172324,-0.011548591067548814,FALSE,FALSE
166239738,G,-0.01741024106740951,-0.012547578057274198,TRUE,FALSE
166239740,G,-0.01200426695868373,-0.01345303724519906,TRUE,FALSE
166239741,G,-0.00750911643262952,-0.015055613778531526,TRUE,FALSE
166239742,C,-0.01043337350711226,-0.017541309923399216,TRUE,FALSE
166239743,T,-0.01443686755374074,-0.02015434122877193,TRUE,FALSE
166239744,T,-0.01340552256442606,-0.024453787738457296,TRUE,FALSE
166239745,A,-0.02737653418444097,-0.02461163597181437,TRUE,FALSE
166239746,G,-0.02984903054311871,-0.02387325010495258,TRUE,FALSE
166239747,T,-0.04251021950040012,-0.022372360783629093,TRUE,FALSE
166239748,C,-0.04354055412113666,-0.021059483778662954,TRUE,FALSE
166239749,A,-0.04347239201888442,-0.019614606210961914,TRUE,FALSE
166239750,C,-0.01358274929225444,-0.015990708838216936,TRUE,FALSE
166239751,A,-1.2525776401162e-4,-0.013319573656190162,TRUE,FALSE
166239770,T,-0.01463634055107832,-0.012805842189118241,TRUE,FALSE
166239771,C,-0.00980817282106727,-0.01382440861780194,TRUE,FALSE
166239772,T,-0.01469745161011815,-0.014073246018961047,TRUE,FALSE
166239773,A,-0.01130600180476904,-0.01441638446412978,TRUE,FALSE
166239774,G,-0.01904763095080852,-0.01454274279531089,TRUE,FALSE
166239775,A,-0.01888643554411828,-0.014451918937265848,TRUE,FALSE
166239776,A,-0.01730604423210025,-0.014883552037645107,TRUE,FALSE
166239777,C,-0.01483157812617719,-0.015176120644900922,TRUE,FALSE
166239778,T,-0.01414302829653024,-0.016195764637086517,TRUE,FALSE
166239779,G,-0.01076474401634186,-0.01595228497171772,TRUE,FALSE
166239780,G,-0.0137281019706279,-0.016105699900072042,TRUE,FALSE
166239781,T,-0.01412450382485985,-0.015598549356218402,TRUE,FALSE
166239782,G,-0.01762313768267631,-0.015458402002695923,TRUE,FALSE
166239783,T,-0.02150244172662496,-0.016048420651350145,TRUE,FALSE
166239784,A,-0.01661283429712057,-0.017606022092513714,TRUE,FALSE
166239785,C,-0.02042058482766151,-0.018826952110975955,TRUE,FALSE
166239786,A,-0.01223453879356384,-0.02005636971443889,TRUE,FALSE
166239787,G,-0.01343010459095239,-0.02029719674028454,TRUE,FALSE
166239788,G,-0.02004321478307247,-0.018865542579442236,TRUE,FALSE
166239789,G,-0.02634075842797756,-0.017434972384944535,TRUE,FALSE
166239790,T,-0.02593740215525031,-0.01655196882784364,TRUE,FALSE
166239791,C,-0.0264186798594892,-0.01631788474041966,TRUE,FALSE
166239792,A,-0.02003140794113278,-0.015362571959849422,TRUE,FALSE
166239793,G,-0.00718590011820197,-0.013734506012406176,TRUE,FALSE
166239802,C,-0.01260544487740844,-0.013829878711840113,TRUE,FALSE
166239803,G,-0.00963984517147764,-0.017362484609475336,TRUE,FALSE
166239804,C,-0.0151814033742994,-0.019399692147271684,TRUE,FALSE
166239805,A,-0.00638371892273426,-0.02204772272962143,TRUE,FALSE
166239806,G,-0.03529081400483847,-0.02378202477120792,TRUE,FALSE
166239807,G,-0.0401814766228199,-0.022956547181820473,TRUE,FALSE
166239808,A,-0.03908861428499222,-0.022130808344809315,TRUE,FALSE
166239809,A,-0.02335752779617905,-0.021755575475981434,TRUE,FALSE
166239810,G,-0.02779764030128717,-0.02252888152725061,TRUE,FALSE
166239811,T,-0.02829376235604286,-0.019986432156292696,TRUE,FALSE
166239812,C,-0.00435066898353397,-0.017717935988912335,TRUE,FALSE
166239813,T,-0.00138245680136606,-0.015855902468319957,TRUE,FALSE
166239814,T,-0.01142907468602061,-0.015247421164531236,TRUE,FALSE
166239815,G,-0.01411677943542599,-0.013966735976282483,TRUE,FALSE
166239816,A,-0.00986632029525935,-0.013365984312258637,TRUE,FALSE
166239817,T,-0.01749651494901627,-0.01426053916511589,TRUE,FALSE
166239818,G,-0.02046827907906845,-0.015341024348163021,TRUE,FALSE
166239819,A,-0.01727271475829184,-0.016181270536617352,TRUE,FALSE
166239820,T,-0.01499078841879963,-0.015203338899300409,TRUE,FALSE
166239821,G,-0.02228624571580439,-0.015220546993077708,TRUE,FALSE
166239822,A,-0.01329621751210652,-0.014223567259614331,TRUE,FALSE
166239823,G,-0.01218730863183736,-0.012772444190341023,TRUE,FALSE
166239824,A,-0.01983153657056391,-0.012321069740573851,TRUE,FALSE
