position,nucleotide,score,first_mutation
-,-,1494.76455,-
166149028,C,1541.89853,166149048;T
166149028,T,1565.73671,166149048;T
166149028,G,1564.19839,166149048;T
166149029,C,1558.24239,166149048;T
166149029,T,1602.15813,166149048;T
166149029,G,1555.98644,166149048;T
166149030,A,1582.35488,166149048;T
166149030,T,1576.06265,166149048;T
166149030,G,1564.5719,166149048;T
166149031,C,1532.2296,166149048;T
166149031,T,1563.04639,166149048;T
166149031,G,1576.28116,166149048;T
166149032,A,1592.76305,166149048;T
166149032,C,1589.76822,166149048;T
166149032,G,1575.39015,166149048;T
166149033,A,1593.71347,166149048;T
166149033,C,1572.72354,166149048;T
166149033,T,1591.26526,166149048;T
166149034,A,1589.26342,166149048;T
166149034,T,1587.18509,166149048;T
166149034,G,1554.13431,166149048;T
166149035,C,1534.81477,166149048;T
166149035,T,1550.86643,166149048;T
166149035,G,1574.41329,166149048;T
166149036,C,1555.39786,166149048;T
166149036,T,1566.21748,166149048;T
166149036,G,1571.20301,166149048;T
166149037,C,1542.07319,166149048;T
166149037,T,1551.22544,166149048;T
166149037,G,1556.05383,166149048;T
166149038,C,1557.3328,166149048;T
166149038,T,1547.20817,166149048;T
166149038,G,1558.88498,166149048;T
166149039,C,1542.97921,166149048;T
166149039,T,1564.26846,166149048;T
166149039,G,1568.29806,166149048;T
166149040,A,1552.3857,166149048;T
166149040,C,1565.6631,166149048;T
166149040,G,1563.8948,166149048;T
166149041,C,1542.03256,166149048;T
166149041,T,1550.69944,166149048;T
166149041,G,1539.40794,166149048;T
166149042,A,1558.03183,166149048;T
166149042,C,1587.50574,166149048;T
166149042,G,1554.44558,166149048;T
166149043,A,1502.11944,166149048;T
166149043,C,1458.22169,166149048;T
166149043,G,1509.62668,166149048;T
166149044,A,1428.96127,166149048;T
166149044,C,1487.53719,166149048;T
166149044,G,1402.4958,166149048;T
166149045,C,1398.31531,166149048;T
166149045,T,1402.05166,166149048;T
166149045,G,1401.46733,166149048;T
166149046,A,1403.80955,166149048;T
166149046,T,1407.94231,166149048;T
166149046,G,1400.6639,166149048;T
166149047,A,1401.31887,166149048;T
166149047,T,1408.48075,166149048;T
166149047,G,1410.74383,166149048;T
166149049,A,1534.76015,166149048;T
166149049,T,1598.17783,166149048;T
166149049,G,1573.48931,166149048;T
166149050,A,1583.23787,166149048;T
166149050,T,1568.97168,166149048;T
166149050,G,1596.85517,166149048;T
166149051,C,1556.40753,166149048;T
166149051,T,1562.98837,166149048;T
166149051,G,1584.05817,166149048;T
166149052,C,1553.98766,166149048;T
166149052,T,1572.6175,166149048;T
166149052,G,1581.26428,166149048;T
166149053,C,1549.14746,166149048;T
166149053,T,1567.31402,166149048;T
166149053,G,1570.81142,166149048;T
166149054,C,1587.98306,166149048;T
166149054,T,1574.85536,166149048;T
166149054,G,1574.94198,166149048;T
166149055,A,1574.27326,166149048;T
166149055,C,1569.57707,166149048;T
166149055,T,1574.4586,166149048;T
166149056,C,1569.09827,166149048;T
166149056,T,1567.29229,166149048;T
166149056,G,1566.78139,166149048;T
166149057,A,1571.72376,166149048;T
166149057,C,1586.56516,166149048;T
166149057,G,1554.61188,166149048;T
166149058,A,1554.82746,166149048;T
166149058,C,1553.52819,166149048;T
166149058,T,1573.07018,166149048;T
166149059,A,1576.67758,166149048;T
166149059,C,1586.15132,166149048;T
166149059,G,1550.2921,166149048;T
166149060,C,1578.41908,166149048;T
166149060,T,1593.22182,166149048;T
166149060,G,1586.53605,166149048;T
166149061,A,1574.22321,166149048;T
166149061,C,1553.55085,166149048;T
166149061,T,1572.57463,166149048;T
166149062,A,1593.83914,166149048;T
166149062,C,1591.62277,166149048;T
166149062,G,1577.17467,166149048;T
166149063,C,1579.87853,166149048;T
166149063,T,1581.16136,166149048;T
166149063,G,1581.32987,166149048;T
166149064,C,1574.07607,166149048;T
166149064,T,1572.43637,166149048;T
166149064,G,1589.50683,166149048;T
166149065,C,1567.28345,166149048;T
166149065,T,1547.90286,166149048;T
166149065,G,1563.57,166149048;T
166149066,C,1595.46342,166149048;T
166149066,T,1578.10101,166149048;T
166149066,G,1587.99622,166149048;T
166149067,A,1579.14607,166149048;T
166149067,C,1587.25229,166149048;T
166149067,T,1593.69999,166149048;T
166149022,A,1581.76055,166149042;C
166149022,C,1621.96576,166149042;C
166149022,G,1616.70683,166149042;C
166149023,A,1570.00071,166149042;C
166149023,C,1581.86594,166149042;C
166149023,T,1577.38133,166149042;C
166149024,A,1603.52868,166149042;C
166149024,T,1590.25616,166149042;C
166149024,G,1579.59455,166149042;C
166149025,A,1600.19536,166149042;C
166149025,C,1623.80687,166149042;C
166149025,G,1607.84433,166149042;C
166149026,A,1594.20593,166149042;C
166149026,C,1593.03973,166149042;C
166149026,T,1612.02756,166149042;C
166149027,C,1597.5145,166149042;C
166149027,T,1593.08108,166149042;C
166149027,G,1592.36973,166149042;C
166149028,C,1590.35387,166149042;C
166149028,T,1600.97409,166149042;C
166149028,G,1607.86205,166149042;C
166149029,C,1615.04201,166149042;C
166149029,T,1675.72835,166149042;C
166149029,G,1606.92334,166149042;C
166149030,A,1621.32059,166149042;C
166149030,T,1606.66489,166149042;C
166149030,G,1600.4153,166149042;C
166149031,C,1608.12704,166149042;C
166149031,T,1608.897,166149042;C
166149031,G,1626.5603,166149042;C
166149032,A,1604.56887,166149042;C
166149032,C,1613.76082,166149042;C
166149032,G,1613.55078,166149042;C
166149033,A,1604.40502,166149042;C
166149033,C,1619.83774,166149042;C
166149033,T,1614.84207,166149042;C
166149034,A,1617.94563,166149042;C
166149034,T,1610.07948,166149042;C
166149034,G,1606.01621,166149042;C
166149035,C,1597.38017,166149042;C
166149035,T,1604.76385,166149042;C
166149035,G,1616.5219,166149042;C
166149036,C,1595.32031,166149042;C
166149036,T,1605.79326,166149042;C
166149036,G,1605.63041,166149042;C
166149037,C,1580.72067,166149042;C
166149037,T,1587.45371,166149042;C
166149037,G,1599.6342,166149042;C
166149038,C,1588.58941,166149042;C
166149038,T,1584.24,166149042;C
166149038,G,1591.32273,166149042;C
166149039,C,1583.41515,166149042;C
166149039,T,1602.46007,166149042;C
166149039,G,1598.61733,166149042;C
166149040,A,1614.42114,166149042;C
166149040,C,1605.8317,166149042;C
166149040,G,1607.39949,166149042;C
166149041,C,1561.05407,166149042;C
166149041,T,1582.27732,166149042;C
166149041,G,1576.57002,166149042;C
166149043,A,1578.0918,166149042;C
166149043,C,1530.32196,166149042;C
166149043,G,1598.69173,166149042;C
166149044,A,1488.50081,166149042;C
166149044,C,1610.72798,166149042;C
166149044,G,1466.22366,166149042;C
166149045,C,1391.43113,166149042;C
166149045,T,1406.39891,166149042;C
166149045,G,1458.24715,166149042;C
166149046,A,1421.47574,166149042;C
166149046,T,1425.74011,166149042;C
166149046,G,1412.78513,166149042;C
166149047,A,1559.21431,166149042;C
166149047,T,1564.01626,166149042;C
166149047,G,1561.41782,166149042;C
166149048,A,1593.25835,166149042;C
166149048,T,1587.50574,166149042;C
166149048,G,1593.1892,166149042;C
166149049,A,1601.67263,166149042;C
166149049,T,1598.89288,166149042;C
166149049,G,1603.28221,166149042;C
166149050,A,1614.96878,166149042;C
166149050,T,1604.84088,166149042;C
166149050,G,1620.3356,166149042;C
166149051,C,1611.34749,166149042;C
166149051,T,1614.40017,166149042;C
166149051,G,1611.99855,166149042;C
166149052,C,1603.65339,166149042;C
166149052,T,1606.40856,166149042;C
166149052,G,1606.48729,166149042;C
166149053,C,1590.85346,166149042;C
166149053,T,1612.27543,166149042;C
166149053,G,1598.17261,166149042;C
166149054,C,1616.40412,166149042;C
166149054,T,1600.29314,166149042;C
166149054,G,1603.80789,166149042;C
166149055,A,1622.29891,166149042;C
166149055,C,1607.47987,166149042;C
166149055,T,1614.93413,166149042;C
166149056,C,1610.11798,166149042;C
166149056,T,1596.01206,166149042;C
166149056,G,1611.19591,166149042;C
166149057,A,1614.34673,166149042;C
166149057,C,1619.16101,166149042;C
166149057,G,1602.19279,166149042;C
166149058,A,1626.04898,166149042;C
166149058,C,1625.70293,166149042;C
166149058,T,1637.13544,166149042;C
166149059,A,1613.92551,166149042;C
166149059,C,1627.15901,166149042;C
166149059,G,1615.33712,166149042;C
166149060,C,1618.38142,166149042;C
166149060,T,1614.32584,166149042;C
166149060,G,1611.03678,166149042;C
166149061,A,1629.73901,166149042;C
166149061,C,1617.66616,166149042;C
166149061,T,1635.15467,166149042;C
166127861,C,1677.32389,166127881;C
166127861,T,1618.89819,166127881;C
166127861,G,1600.94474,166127881;C
166127862,A,1534.3471,166127881;C
166127862,C,1530.72088,166127881;C
166127862,T,1573.95437,166127881;C
166127863,C,1658.43813,166127881;C
166127863,T,1597.09839,166127881;C
166127863,G,1636.04976,166127881;C
166127864,A,1622.35157,166127881;C
166127864,C,1621.18241,166127881;C
166127864,G,1612.46919,166127881;C
166127865,A,1565.76499,166127881;C
166127865,C,1625.4981,166127881;C
166127865,G,1621.21156,166127881;C
166127866,A,1554.28571,166127881;C
166127866,T,1599.65621,166127881;C
166127866,G,1623.15779,166127881;C
166127867,A,1592.36725,166127881;C
166127867,T,1570.86746,166127881;C
166127867,G,1644.69804,166127881;C
166127868,A,1601.11377,166127881;C
166127868,C,1625.28516,166127881;C
166127868,G,1669.44725,166127881;C
166127869,A,1578.17592,166127881;C
166127869,C,1634.44504,166127881;C
166127869,G,1630.57017,166127881;C
166127870,A,1546.03688,166127881;C
166127870,T,1563.47348,166127881;C
166127870,G,1602.51003,166127881;C
166127871,A,1554.13283,166127881;C
166127871,C,1599.26613,166127881;C
166127871,G,1574.52025,166127881;C
166127872,A,1585.79759,166127881;C
166127872,C,1610.25741,166127881;C
166127872,G,1612.59324,166127881;C
166127873,A,1585.32784,166127881;C
166127873,C,1604.55639,166127881;C
166127873,T,1569.66357,166127881;C
166127874,A,1581.33709,166127881;C
166127874,T,1578.58398,166127881;C
166127874,G,1589.46718,166127881;C
166127875,C,1610.8591,166127881;C
166127875,T,1603.79226,166127881;C
166127875,G,1627.63154,166127881;C
166127876,C,1634.14919,166127881;C
166127876,T,1703.56299,166127881;C
166127876,G,1640.61998,166127881;C
166127877,C,1638.71971,166127881;C
166127877,T,1590.22891,166127881;C
166127877,G,1613.64591,166127881;C
166127878,C,1641.71991,166127881;C
166127878,T,1595.20035,166127881;C
166127878,G,1579.24795,166127881;C
166127879,A,1606.07347,166127881;C
166127879,C,1631.976,166127881;C
166127879,T,1622.66417,166127881;C
166127880,A,1603.20527,166127881;C
166127880,C,1622.53085,166127881;C
166127880,T,1536.38925,166127881;C
166127882,A,1555.02148,166127881;C
166127882,C,1483.80423,166127881;C
166127882,T,1557.16756,166127881;C
166127883,A,1595.83118,166127881;C
166127883,C,1578.56601,166127881;C
166127883,G,1594.31848,166127881;C
166127884,A,1561.42556,166127881;C
166127884,T,1570.8008,166127881;C
166127884,G,1595.33742,166127881;C
166127885,C,1638.37489,166127881;C
166127885,T,1604.68733,166127881;C
166127885,G,1636.56231,166127881;C
166127886,C,1701.61457,166127881;C
166127886,T,1684.01856,166127881;C
166127886,G,1684.56679,166127881;C
166127887,C,1701.23154,166127881;C
166127887,T,1649.02539,166127881;C
166127887,G,1599.04547,166127881;C
166127888,A,1591.08273,166127881;C
166127888,C,1579.80953,166127881;C
166127888,T,1565.99586,166127881;C
166127889,A,1585.61451,166127881;C
166127889,C,1648.62295,166127881;C
166127889,G,1630.24189,166127881;C
166127890,C,1633.42931,166127881;C
166127890,T,1528.03674,166127881;C
166127890,G,1659.03743,166127881;C
166127891,A,1576.70886,166127881;C
166127891,C,1591.67429,166127881;C
166127891,G,1602.63015,166127881;C
166127892,A,1586.78643,166127881;C
166127892,C,1626.89243,166127881;C
166127892,G,1599.07049,166127881;C
166127893,A,1584.58345,166127881;C
166127893,C,1628.88403,166127881;C
166127893,G,1649.7771,166127881;C
166127894,C,1610.83801,166127881;C
166127894,T,1594.22484,166127881;C
166127894,G,1601.8873,166127881;C
166127895,A,1544.42831,166127881;C
166127895,T,1562.9093,166127881;C
166127895,G,1568.09509,166127881;C
166127896,C,1612.19376,166127881;C
166127896,T,1555.31365,166127881;C
166127896,G,1605.35659,166127881;C
166127897,C,1649.80003,166127881;C
166127897,T,1588.3234,166127881;C
166127897,G,1561.86358,166127881;C
166127898,A,1616.86395,166127881;C
166127898,C,1651.24308,166127881;C
166127898,T,1608.4842,166127881;C
166127899,A,1618.36142,166127881;C
166127899,C,1661.57594,166127881;C
166127899,T,1572.12968,166127881;C
166127900,A,1568.56837,166127881;C
166127900,C,1514.44118,166127881;C
166127900,T,1591.26339,166127881;C
166127860,A,1564.10536,166127880;C
166127860,T,1550.42733,166127880;C
166127860,G,1573.92581,166127880;C
166127861,C,1689.31276,166127880;C
166127861,T,1630.2794,166127880;C
166127861,G,1610.1043,166127880;C
166127862,A,1556.5628,166127880;C
166127862,C,1561.45898,166127880;C
166127862,T,1583.8521,166127880;C
166127863,C,1649.04316,166127880;C
166127863,T,1595.66087,166127880;C
166127863,G,1636.46996,166127880;C
166127864,A,1629.94869,166127880;C
166127864,C,1624.26014,166127880;C
166127864,G,1619.24527,166127880;C
166127865,A,1565.33777,166127880;C
166127865,C,1631.12916,166127880;C
166127865,G,1632.26086,166127880;C
166127866,A,1557.61193,166127880;C
166127866,T,1616.50594,166127880;C
166127866,G,1629.39153,166127880;C
166127867,A,1608.80545,166127880;C
166127867,T,1588.57912,166127880;C
166127867,G,1674.88919,166127880;C
166127868,A,1620.9261,166127880;C
166127868,C,1624.25104,166127880;C
166127868,G,1688.16578,166127880;C
166127869,A,1579.84615,166127880;C
166127869,C,1632.78009,166127880;C
166127869,G,1620.27822,166127880;C
166127870,A,1556.46567,166127880;C
166127870,T,1593.62078,166127880;C
166127870,G,1616.4881,166127880;C
166127871,A,1591.10895,166127880;C
166127871,C,1596.78363,166127880;C
166127871,G,1622.80117,166127880;C
166127872,A,1595.65834,166127880;C
166127872,C,1636.84965,166127880;C
166127872,G,1619.2343,166127880;C
166127873,A,1575.27879,166127880;C
166127873,C,1621.6626,166127880;C
166127873,T,1580.36378,166127880;C
166127874,A,1593.28486,166127880;C
166127874,T,1603.52967,166127880;C
166127874,G,1589.2801,166127880;C
166127875,C,1609.45872,166127880;C
166127875,T,1603.46289,166127880;C
166127875,G,1618.7142,166127880;C
166127876,C,1634.61352,166127880;C
166127876,T,1714.40008,166127880;C
166127876,G,1659.96862,166127880;C
166127877,C,1618.0434,166127880;C
166127877,T,1597.97397,166127880;C
166127877,G,1618.37551,166127880;C
166127878,C,1635.53865,166127880;C
166127878,T,1608.12448,166127880;C
166127878,G,1613.0975,166127880;C
166127879,A,1572.42129,166127880;C
166127879,C,1584.68462,166127880;C
166127879,T,1602.66814,166127880;C
166127881,A,1566.07552,166127880;C
166127881,C,1622.53085,166127880;C
166127881,G,1579.55994,166127880;C
166127882,A,1521.50713,166127880;C
166127882,C,1573.81512,166127880;C
166127882,T,1537.97323,166127880;C
166127883,A,1616.22184,166127880;C
166127883,C,1639.92127,166127880;C
166127883,G,1625.91206,166127880;C
166127884,A,1576.51955,166127880;C
166127884,T,1558.96472,166127880;C
166127884,G,1606.77082,166127880;C
166127885,C,1613.66345,166127880;C
166127885,T,1574.58952,166127880;C
166127885,G,1636.0038,166127880;C
166127886,C,1690.36679,166127880;C
166127886,T,1630.99176,166127880;C
166127886,G,1654.95637,166127880;C
166127887,C,1690.04715,166127880;C
166127887,T,1635.93158,166127880;C
166127887,G,1586.48497,166127880;C
166127888,A,1628.092,166127880;C
166127888,C,1602.57215,166127880;C
166127888,T,1599.3303,166127880;C
166127889,A,1634.01969,166127880;C
166127889,C,1672.61706,166127880;C
166127889,G,1668.78197,166127880;C
166127890,C,1632.12918,166127880;C
166127890,T,1553.73524,166127880;C
166127890,G,1660.8452,166127880;C
166127891,A,1619.95858,166127880;C
166127891,C,1589.94444,166127880;C
166127891,G,1627.5928,166127880;C
166127892,A,1604.89798,166127880;C
166127892,C,1619.01238,166127880;C
166127892,G,1610.81081,166127880;C
166127893,A,1622.56328,166127880;C
166127893,C,1638.31595,166127880;C
166127893,G,1645.99416,166127880;C
166127894,C,1605.96866,166127880;C
166127894,T,1607.66608,166127880;C
166127894,G,1614.159,166127880;C
166127895,A,1608.09485,166127880;C
166127895,T,1581.65855,166127880;C
166127895,G,1589.39331,166127880;C
166127896,C,1630.50762,166127880;C
166127896,T,1561.61099,166127880;C
166127896,G,1616.61972,166127880;C
166127897,C,1647.55535,166127880;C
166127897,T,1602.55379,166127880;C
166127897,G,1566.48073,166127880;C
166127898,A,1641.30962,166127880;C
166127898,C,1650.31061,166127880;C
166127898,T,1626.94753,166127880;C
166127899,A,1639.40455,166127880;C
166127899,C,1668.44035,166127880;C
166127899,T,1587.52107,166127880;C
166127858,A,1580.5229,166127878;C
166127858,C,1621.47633,166127878;C
166127858,G,1632.27374,166127878;C
166127859,A,1632.43246,166127878;C
166127859,C,1617.13585,166127878;C
166127859,G,1641.19583,166127878;C
166127860,A,1552.21822,166127878;C
166127860,T,1558.37834,166127878;C
166127860,G,1570.15486,166127878;C
166127861,C,1667.21028,166127878;C
166127861,T,1612.65995,166127878;C
166127861,G,1603.74796,166127878;C
166127862,A,1555.25236,166127878;C
166127862,C,1543.25175,166127878;C
166127862,T,1570.95285,166127878;C
166127863,C,1637.35344,166127878;C
166127863,T,1578.00015,166127878;C
166127863,G,1605.59618,166127878;C
166127864,A,1606.09601,166127878;C
166127864,C,1602.69061,166127878;C
166127864,G,1581.20886,166127878;C
166127865,A,1541.50452,166127878;C
166127865,C,1614.74715,166127878;C
166127865,G,1610.30514,166127878;C
166127866,A,1541.62469,166127878;C
166127866,T,1592.64886,166127878;C
166127866,G,1616.57304,166127878;C
166127867,A,1602.15976,166127878;C
166127867,T,1576.72876,166127878;C
166127867,G,1648.752,166127878;C
166127868,A,1633.91355,166127878;C
166127868,C,1613.63328,166127878;C
166127868,G,1678.50365,166127878;C
166127869,A,1563.34753,166127878;C
166127869,C,1633.9977,166127878;C
166127869,G,1612.83044,166127878;C
166127870,A,1526.9191,166127878;C
166127870,T,1560.45944,166127878;C
166127870,G,1589.64085,166127878;C
166127871,A,1582.48089,166127878;C
166127871,C,1613.09316,166127878;C
166127871,G,1593.75166,166127878;C
166127872,A,1584.15675,166127878;C
166127872,C,1628.85267,166127878;C
166127872,G,1608.03569,166127878;C
166127873,A,1570.6082,166127878;C
166127873,C,1625.88591,166127878;C
166127873,T,1579.35674,166127878;C
166127874,A,1585.95697,166127878;C
166127874,T,1593.02805,166127878;C
166127874,G,1608.66765,166127878;C
166127875,C,1611.14767,166127878;C
166127875,T,1603.37821,166127878;C
166127875,G,1632.11752,166127878;C
166127876,C,1591.87313,166127878;C
166127876,T,1576.13631,166127878;C
166127876,G,1620.31693,166127878;C
166127877,C,1622.60202,166127878;C
166127877,T,1622.77415,166127878;C
166127877,G,1640.18509,166127878;C
166127879,A,1575.74993,166127878;C
166127879,C,1595.14209,166127878;C
166127879,T,1562.37544,166127878;C
166127880,A,1605.06545,166127878;C
166127880,C,1635.53865,166127878;C
166127880,T,1576.2721,166127878;C
166127881,A,1597.85283,166127878;C
166127881,C,1641.71991,166127878;C
166127881,G,1469.66777,166127878;C
166127882,A,1594.0917,166127878;C
166127882,C,1602.19539,166127878;C
166127882,T,1573.47474,166127878;C
166127883,A,1627.77746,166127878;C
166127883,C,1615.00235,166127878;C
166127883,G,1595.50804,166127878;C
166127884,A,1566.74284,166127878;C
166127884,T,1563.92593,166127878;C
166127884,G,1579.56346,166127878;C
166127885,C,1630.21831,166127878;C
166127885,T,1585.90716,166127878;C
166127885,G,1646.83892,166127878;C
166127886,C,1673.59029,166127878;C
166127886,T,1629.9816,166127878;C
166127886,G,1643.14912,166127878;C
166127887,C,1675.7315,166127878;C
166127887,T,1640.21252,166127878;C
166127887,G,1600.14389,166127878;C
166127888,A,1595.28039,166127878;C
166127888,C,1583.24174,166127878;C
166127888,T,1561.6466,166127878;C
166127889,A,1610.22889,166127878;C
166127889,C,1660.19251,166127878;C
166127889,G,1641.15248,166127878;C
166127890,C,1625.73598,166127878;C
166127890,T,1535.09954,166127878;C
166127890,G,1634.1384,166127878;C
166127891,A,1599.82114,166127878;C
166127891,C,1551.3787,166127878;C
166127891,G,1602.69664,166127878;C
166127892,A,1571.47459,166127878;C
166127892,C,1611.6185,166127878;C
166127892,G,1586.60493,166127878;C
166127893,A,1591.33673,166127878;C
166127893,C,1641.41898,166127878;C
166127893,G,1638.07018,166127878;C
166127894,C,1618.73456,166127878;C
166127894,T,1608.09227,166127878;C
166127894,G,1605.07276,166127878;C
166127895,A,1566.73843,166127878;C
166127895,T,1569.79866,166127878;C
166127895,G,1577.45631,166127878;C
166127896,C,1620.10465,166127878;C
166127896,T,1557.32749,166127878;C
166127896,G,1608.8019,166127878;C
166127897,C,1651.22167,166127878;C
166127897,T,1586.06767,166127878;C
166127897,G,1560.76645,166127878;C
166127856,A,1529.70072,166127876;T
166127856,C,1667.15454,166127876;T
166127856,G,1604.32551,166127876;T
166127857,A,1575.79958,166127876;T
166127857,C,1581.03066,166127876;T
166127857,T,1581.58623,166127876;T
166127858,A,1581.09866,166127876;T
166127858,C,1625.73503,166127876;T
166127858,G,1637.57928,166127876;T
166127859,A,1628.87961,166127876;T
166127859,C,1592.23494,166127876;T
166127859,G,1643.36291,166127876;T
166127860,A,1554.09496,166127876;T
166127860,T,1555.48365,166127876;T
166127860,G,1559.35244,166127876;T
166127861,C,1682.18319,166127876;T
166127861,T,1606.19346,166127876;T
166127861,G,1585.73811,166127876;T
166127862,A,1551.87301,166127876;T
166127862,C,1541.46709,166127876;T
166127862,T,1568.92935,166127876;T
166127863,C,1658.4199,166127876;T
166127863,T,1605.2755,166127876;T
166127863,G,1622.64773,166127876;T
166127864,A,1612.27568,166127876;T
166127864,C,1612.02974,166127876;T
166127864,G,1566.54174,166127876;T
166127865,A,1532.97374,166127876;T
166127865,C,1617.65677,166127876;T
166127865,G,1593.96609,166127876;T
166127866,A,1540.47255,166127876;T
166127866,T,1581.60073,166127876;T
166127866,G,1601.15271,166127876;T
166127867,A,1593.18375,166127876;T
166127867,T,1554.72245,166127876;T
166127867,G,1659.11747,166127876;T
166127868,A,1595.77883,166127876;T
166127868,C,1617.35646,166127876;T
166127868,G,1658.84783,166127876;T
166127869,A,1551.74462,166127876;T
166127869,C,1601.84498,166127876;T
166127869,G,1617.91595,166127876;T
166127870,A,1579.83629,166127876;T
166127870,T,1498.67456,166127876;T
166127870,G,1633.66179,166127876;T
166127871,A,1480.82702,166127876;T
166127871,C,1492.58001,166127876;T
166127871,G,1507.72283,166127876;T
166127872,A,1491.85404,166127876;T
166127872,C,1540.85216,166127876;T
166127872,G,1517.90905,166127876;T
166127873,A,1609.49496,166127876;T
166127873,C,1512.06698,166127876;T
166127873,T,1502.64544,166127876;T
166127874,A,1491.89496,166127876;T
166127874,T,1527.59771,166127876;T
166127874,G,1500.13424,166127876;T
166127875,C,1490.87007,166127876;T
166127875,T,1493.88843,166127876;T
166127875,G,1587.69736,166127876;T
166127877,C,1554.0451,166127876;T
166127877,T,1500.68685,166127876;T
166127877,G,1517.11811,166127876;T
166127878,C,1576.13631,166127876;T
166127878,T,1536.47219,166127876;T
166127878,G,1533.78217,166127876;T
166127879,A,1563.79067,166127876;T
166127879,C,1677.16654,166127876;T
166127879,T,1654.1857,166127876;T
166127880,A,1640.381,166127876;T
166127880,C,1714.40008,166127876;T
166127880,T,1596.38631,166127876;T
166127881,A,1649.81229,166127876;T
166127881,C,1703.56299,166127876;T
166127881,G,1470.46187,166127876;T
166127882,A,1578.44642,166127876;T
166127882,C,1629.96983,166127876;T
166127882,T,1613.02636,166127876;T
166127883,A,1617.05491,166127876;T
166127883,C,1626.41367,166127876;T
166127883,G,1614.63366,166127876;T
166127884,A,1581.16192,166127876;T
166127884,T,1577.78346,166127876;T
166127884,G,1585.81964,166127876;T
166127885,C,1632.3096,166127876;T
166127885,T,1603.99657,166127876;T
166127885,G,1654.94776,166127876;T
166127886,C,1665.91192,166127876;T
166127886,T,1637.32859,166127876;T
166127886,G,1637.30072,166127876;T
166127887,C,1678.83135,166127876;T
166127887,T,1617.13203,166127876;T
166127887,G,1582.09925,166127876;T
166127888,A,1590.26376,166127876;T
166127888,C,1581.11703,166127876;T
166127888,T,1584.99475,166127876;T
166127889,A,1579.44217,166127876;T
166127889,C,1642.76167,166127876;T
166127889,G,1637.17287,166127876;T
166127890,C,1620.0405,166127876;T
166127890,T,1552.83655,166127876;T
166127890,G,1620.7793,166127876;T
166127891,A,1608.24912,166127876;T
166127891,C,1566.63177,166127876;T
166127891,G,1607.72423,166127876;T
166127892,A,1565.19606,166127876;T
166127892,C,1608.65984,166127876;T
166127892,G,1574.83143,166127876;T
166127893,A,1591.05155,166127876;T
166127893,C,1627.05905,166127876;T
166127893,G,1634.48969,166127876;T
166127894,C,1610.74353,166127876;T
166127894,T,1609.58707,166127876;T
166127894,G,1621.52609,166127876;T
166127895,A,1585.23072,166127876;T
166127895,T,1601.77728,166127876;T
166127895,G,1574.50052,166127876;T
166127540,C,1607.71807,166127560;G
166127540,T,1592.63512,166127560;G
166127540,G,1575.46578,166127560;G
166127541,A,1623.41382,166127560;G
166127541,C,1629.09726,166127560;G
166127541,G,1627.6291,166127560;G
166127542,A,1574.17295,166127560;G
166127542,C,1594.55216,166127560;G
166127542,T,1585.59037,166127560;G
166127543,A,1533.27193,166127560;G
166127543,T,1563.32567,166127560;G
166127543,G,1620.07894,166127560;G
166127544,A,1593.14353,166127560;G
166127544,C,1649.87221,166127560;G
166127544,G,1585.22842,166127560;G
166127545,A,1594.54838,166127560;G
166127545,C,1584.9536,166127560;G
166127545,T,1567.06866,166127560;G
166127546,C,1624.16257,166127560;G
166127546,T,1603.27482,166127560;G
166127546,G,1603.74868,166127560;G
166127547,C,1560.14575,166127560;G
166127547,T,1624.99705,166127560;G
166127547,G,1636.98464,166127560;G
166127548,A,1601.11891,166127560;G
166127548,T,1617.78897,166127560;G
166127548,G,1575.58886,166127560;G
166127549,A,1614.8113,166127560;G
166127549,C,1630.196,166127560;G
166127549,G,1620.20555,166127560;G
166127550,A,1585.50475,166127560;G
166127550,C,1617.41739,166127560;G
166127550,T,1592.6044,166127560;G
166127551,A,1616.69236,166127560;G
166127551,T,1559.74761,166127560;G
166127551,G,1627.97235,166127560;G
166127552,C,1597.43259,166127560;G
166127552,T,1593.06165,166127560;G
166127552,G,1606.9929,166127560;G
166127553,C,1575.03129,166127560;G
166127553,T,1617.07453,166127560;G
166127553,G,1622.35385,166127560;G
166127554,C,1566.36025,166127560;G
166127554,T,1551.20476,166127560;G
166127554,G,1566.19078,166127560;G
166127555,C,1527.28159,166127560;G
166127555,T,1539.03986,166127560;G
166127555,G,1529.69883,166127560;G
166127556,A,1608.79367,166127560;G
166127556,T,1560.03582,166127560;G
166127556,G,1554.7483,166127560;G
166127557,C,1529.57382,166127560;G
166127557,T,1535.5771,166127560;G
166127557,G,1553.62352,166127560;G
166127558,C,1547.56923,166127560;G
166127558,T,1521.88978,166127560;G
166127558,G,1563.62144,166127560;G
166127559,C,1577.87678,166127560;G
166127559,T,1614.0593,166127560;G
166127559,G,1591.75569,166127560;G
166127561,A,1614.78543,166127560;G
166127561,T,1507.6772,166127560;G
166127561,G,1457.87573,166127560;G
166127562,A,1601.13191,166127560;G
166127562,C,1669.43814,166127560;G
166127562,G,1630.86372,166127560;G
166127563,A,1559.90229,166127560;G
166127563,C,1616.56606,166127560;G
166127563,T,1578.66726,166127560;G
166127564,C,1710.9839,166127560;G
166127564,T,1656.21219,166127560;G
166127564,G,1622.02711,166127560;G
166127565,A,1625.76994,166127560;G
166127565,C,1564.85673,166127560;G
166127565,G,1544.01859,166127560;G
166127566,A,1458.09991,166127560;G
166127566,C,1583.03582,166127560;G
166127566,G,1589.5832,166127560;G
166127567,A,1518.5639,166127560;G
166127567,C,1533.03878,166127560;G
166127567,G,1547.73059,166127560;G
166127568,A,1513.40683,166127560;G
166127568,T,1577.07544,166127560;G
166127568,G,1548.08887,166127560;G
166127569,C,1583.53724,166127560;G
166127569,T,1674.7953,166127560;G
166127569,G,1583.37513,166127560;G
166127570,A,1612.87164,166127560;G
166127570,C,1581.2517,166127560;G
166127570,T,1650.94454,166127560;G
166127571,A,1575.41048,166127560;G
166127571,C,1599.00635,166127560;G
166127571,G,1518.96542,166127560;G
166127572,A,1578.72485,166127560;G
166127572,C,1610.47964,166127560;G
166127572,G,1591.5524,166127560;G
166127573,A,1575.20904,166127560;G
166127573,T,1596.44667,166127560;G
166127573,G,1578.27532,166127560;G
166127574,C,1643.72565,166127560;G
166127574,T,1685.71735,166127560;G
166127574,G,1637.55902,166127560;G
166127575,A,1594.27422,166127560;G
166127575,C,1627.29714,166127560;G
166127575,G,1624.22238,166127560;G
166127576,A,1562.82251,166127560;G
166127576,C,1587.39518,166127560;G
166127576,T,1571.33758,166127560;G
166127577,A,1556.47639,166127560;G
166127577,C,1564.98001,166127560;G
166127577,T,1538.92369,166127560;G
166127578,C,1541.21694,166127560;G
166127578,T,1545.93259,166127560;G
166127578,G,1605.66052,166127560;G
166127579,C,1625.08376,166127560;G
166127579,T,1599.38406,166127560;G
166127579,G,1619.42029,166127560;G
166127482,A,1617.2297,166127502;C
166127482,C,1660.48276,166127502;C
166127482,T,1601.76967,166127502;C
166127483,A,1603.07314,166127502;C
166127483,T,1485.7314,166127502;C
166127483,G,1597.65126,166127502;C
166127484,C,1592.77535,166127502;C
166127484,T,1585.50497,166127502;C
166127484,G,1619.65871,166127502;C
166127485,C,1611.39608,166127502;C
166127485,T,1559.06796,166127502;C
166127485,G,1595.01893,166127502;C
166127486,A,1609.67022,166127502;C
166127486,C,1586.83815,166127502;C
166127486,T,1540.70827,166127502;C
166127487,C,1599.40639,166127502;C
166127487,T,1610.92207,166127502;C
166127487,G,1595.73425,166127502;C
166127488,C,1565.16292,166127502;C
166127488,T,1580.38573,166127502;C
166127488,G,1591.81126,166127502;C
166127489,A,1574.02348,166127502;C
166127489,T,1572.15189,166127502;C
166127489,G,1545.05234,166127502;C
166127490,A,1479.29282,166127502;C
166127490,C,1540.37594,166127502;C
166127490,G,1585.23761,166127502;C
166127491,A,1477.89258,166127502;C
166127491,C,1497.72503,166127502;C
166127491,T,1502.52784,166127502;C
166127492,A,1471.4545,166127502;C
166127492,C,1486.29543,166127502;C
166127492,T,1476.0423,166127502;C
166127493,A,1613.8036,166127502;C
166127493,T,1580.99908,166127502;C
166127493,G,1662.14951,166127502;C
166127494,A,1612.45427,166127502;C
166127494,T,1632.28172,166127502;C
166127494,G,1655.47885,166127502;C
166127495,C,1641.24966,166127502;C
166127495,T,1649.23062,166127502;C
166127495,G,1648.08856,166127502;C
166127496,A,1625.71225,166127502;C
166127496,C,1595.96873,166127502;C
166127496,T,1565.72212,166127502;C
166127497,C,1604.84437,166127502;C
166127497,T,1630.42158,166127502;C
166127497,G,1592.45969,166127502;C
166127498,A,1649.33302,166127502;C
166127498,C,1659.61585,166127502;C
166127498,G,1604.18476,166127502;C
166127499,A,1522.01041,166127502;C
166127499,C,1549.18276,166127502;C
166127499,T,1650.14778,166127502;C
166127500,A,1480.95154,166127502;C
166127500,T,1450.21834,166127502;C
166127500,G,1428.63907,166127502;C
166127501,A,1487.9667,166127502;C
166127501,T,1473.53225,166127502;C
166127501,G,1505.14764,166127502;C
166127503,C,1589.41302,166127502;C
166127503,T,1566.71188,166127502;C
166127503,G,1609.58063,166127502;C
166127504,A,1589.09511,166127502;C
166127504,C,1608.7405,166127502;C
166127504,T,1605.29013,166127502;C
166127505,A,1603.5922,166127502;C
166127505,T,1586.08822,166127502;C
166127505,G,1596.82838,166127502;C
166127506,A,1616.12459,166127502;C
166127506,C,1628.60575,166127502;C
166127506,G,1642.04555,166127502;C
166127507,C,1649.95709,166127502;C
166127507,T,1651.49124,166127502;C
166127507,G,1605.82673,166127502;C
166127508,A,1617.65624,166127502;C
166127508,C,1606.39117,166127502;C
166127508,G,1621.567,166127502;C
166127509,A,1555.42497,166127502;C
166127509,C,1593.68771,166127502;C
166127509,G,1605.36455,166127502;C
166127510,A,1597.68182,166127502;C
166127510,C,1622.50404,166127502;C
166127510,G,1619.25741,166127502;C
166127511,A,1610.1268,166127502;C
166127511,T,1617.28334,166127502;C
166127511,G,1599.92746,166127502;C
166127512,C,1675.03512,166127502;C
166127512,T,1615.6687,166127502;C
166127512,G,1663.06997,166127502;C
166127513,A,1627.881,166127502;C
166127513,C,1641.24284,166127502;C
166127513,T,1659.97757,166127502;C
166127514,A,1602.20806,166127502;C
166127514,C,1632.41936,166127502;C
166127514,T,1619.28758,166127502;C
166127515,A,1675.50446,166127502;C
166127515,T,1546.96515,166127502;C
166127515,G,1611.97592,166127502;C
166127516,A,1620.48389,166127502;C
166127516,T,1593.98086,166127502;C
166127516,G,1636.1387,166127502;C
166127517,C,1592.18001,166127502;C
166127517,T,1574.62101,166127502;C
166127517,G,1619.54924,166127502;C
166127518,C,1569.71052,166127502;C
166127518,T,1541.42543,166127502;C
166127518,G,1565.01983,166127502;C
166127519,C,1635.62744,166127502;C
166127519,T,1591.34363,166127502;C
166127519,G,1581.06293,166127502;C
166127520,A,1650.58385,166127502;C
166127520,C,1704.6152,166127502;C
166127520,T,1608.25184,166127502;C
166127521,C,1587.77968,166127502;C
166127521,T,1579.71019,166127502;C
166127521,G,1598.94911,166127502;C
166127473,A,1576.79279,166127493;G
166127473,T,1472.46451,166127493;G
166127473,G,1589.41246,166127493;G
166127474,C,1592.80729,166127493;G
166127474,T,1573.4069,166127493;G
166127474,G,1601.07132,166127493;G
166127475,C,1593.64249,166127493;G
166127475,T,1564.91208,166127493;G
166127475,G,1584.32834,166127493;G
166127476,A,1610.89965,166127493;G
166127476,C,1617.95913,166127493;G
166127476,T,1609.81656,166127493;G
166127477,A,1609.21434,166127493;G
166127477,T,1573.34147,166127493;G
166127477,G,1565.32806,166127493;G
166127478,C,1633.12362,166127493;G
166127478,T,1566.89739,166127493;G
166127478,G,1607.83249,166127493;G
166127479,C,1581.31383,166127493;G
166127479,T,1546.77575,166127493;G
166127479,G,1587.05868,166127493;G
166127480,C,1638.83861,166127493;G
166127480,T,1592.52733,166127493;G
166127480,G,1556.97732,166127493;G
166127481,A,1596.33094,166127493;G
166127481,C,1616.83491,166127493;G
166127481,T,1593.91773,166127493;G
166127482,A,1607.00102,166127493;G
166127482,C,1657.53449,166127493;G
166127482,T,1573.19469,166127493;G
166127483,A,1581.46716,166127493;G
166127483,T,1458.44787,166127493;G
166127483,G,1579.67986,166127493;G
166127484,C,1574.2851,166127493;G
166127484,T,1561.63979,166127493;G
166127484,G,1604.7881,166127493;G
166127485,C,1600.95179,166127493;G
166127485,T,1539.47038,166127493;G
166127485,G,1581.75863,166127493;G
166127486,A,1586.75129,166127493;G
166127486,C,1559.77603,166127493;G
166127486,T,1516.16763,166127493;G
166127487,C,1588.31967,166127493;G
166127487,T,1597.67216,166127493;G
166127487,G,1568.91249,166127493;G
166127488,C,1562.70277,166127493;G
166127488,T,1580.44645,166127493;G
166127488,G,1589.74148,166127493;G
166127489,A,1554.33045,166127493;G
166127489,T,1568.31684,166127493;G
166127489,G,1551.79173,166127493;G
166127490,A,1519.86425,166127493;G
166127490,C,1565.92718,166127493;G
166127490,G,1573.68016,166127493;G
166127491,A,1515.25887,166127493;G
166127491,C,1552.36269,166127493;G
166127491,T,1551.40369,166127493;G
166127492,A,1521.67273,166127493;G
166127492,C,1559.45117,166127493;G
166127492,T,1529.69538,166127493;G
166127494,A,1623.92053,166127493;G
166127494,T,1622.39958,166127493;G
166127494,G,1605.76483,166127493;G
166127495,C,1628.82014,166127493;G
166127495,T,1631.36463,166127493;G
166127495,G,1618.23205,166127493;G
166127496,A,1596.31092,166127493;G
166127496,C,1574.33748,166127493;G
166127496,T,1587.09507,166127493;G
166127497,C,1598.35764,166127493;G
166127497,T,1620.09566,166127493;G
166127497,G,1562.16015,166127493;G
166127498,A,1607.64248,166127493;G
166127498,C,1614.72114,166127493;G
166127498,G,1576.23952,166127493;G
166127499,A,1513.98362,166127493;G
166127499,C,1522.11106,166127493;G
166127499,T,1602.7737,166127493;G
166127500,A,1517.9186,166127493;G
166127500,T,1470.37647,166127493;G
166127500,G,1448.95341,166127493;G
166127501,A,1503.64211,166127493;G
166127501,T,1479.62958,166127493;G
166127501,G,1509.73786,166127493;G
166127502,C,1662.14951,166127493;G
166127502,T,1512.22168,166127493;G
166127502,G,1533.52724,166127493;G
166127503,C,1524.20509,166127493;G
166127503,T,1528.32829,166127493;G
166127503,G,1579.34604,166127493;G
166127504,A,1584.86682,166127493;G
166127504,C,1623.93163,166127493;G
166127504,T,1604.03206,166127493;G
166127505,A,1560.23718,166127493;G
166127505,T,1554.03745,166127493;G
166127505,G,1606.75213,166127493;G
166127506,A,1593.21846,166127493;G
166127506,C,1590.9722,166127493;G
166127506,G,1613.34293,166127493;G
166127507,C,1636.9188,166127493;G
166127507,T,1627.62641,166127493;G
166127507,G,1620.92551,166127493;G
166127508,A,1596.35091,166127493;G
166127508,C,1608.41555,166127493;G
166127508,G,1604.04894,166127493;G
166127509,A,1551.94985,166127493;G
166127509,C,1579.09123,166127493;G
166127509,G,1588.3278,166127493;G
166127510,A,1588.38041,166127493;G
166127510,C,1600.26886,166127493;G
166127510,G,1604.2797,166127493;G
166127511,A,1607.85054,166127493;G
166127511,T,1604.42857,166127493;G
166127511,G,1588.22901,166127493;G
166127512,C,1645.38587,166127493;G
166127512,T,1609.69442,166127493;G
166127512,G,1650.92056,166127493;G
166127436,A,1606.99625,166127456;A
166127436,C,1589.52375,166127456;A
166127436,G,1604.43216,166127456;A
166127437,A,1623.39262,166127456;A
166127437,T,1609.26976,166127456;A
166127437,G,1596.5285,166127456;A
166127438,C,1564.93595,166127456;A
166127438,T,1574.46196,166127456;A
166127438,G,1583.57477,166127456;A
166127439,C,1572.75899,166127456;A
166127439,T,1591.61225,166127456;A
166127439,G,1584.90815,166127456;A
166127440,A,1587.75699,166127456;A
166127440,T,1582.06434,166127456;A
166127440,G,1575.80527,166127456;A
166127441,C,1592.71591,166127456;A
166127441,T,1587.88249,166127456;A
166127441,G,1596.01378,166127456;A
166127442,A,1558.2575,166127456;A
166127442,C,1598.77866,166127456;A
166127442,T,1562.58761,166127456;A
166127443,A,1622.10933,166127456;A
166127443,C,1636.45762,166127456;A
166127443,T,1597.35572,166127456;A
166127444,C,1573.25347,166127456;A
166127444,T,1474.12171,166127456;A
166127444,G,1462.35998,166127456;A
166127445,A,1668.45999,166127456;A
166127445,C,1525.58148,166127456;A
166127445,G,1498.49875,166127456;A
166127446,A,1609.18435,166127456;A
166127446,T,1565.20715,166127456;A
166127446,G,1615.9447,166127456;A
166127447,C,1486.16853,166127456;A
166127447,T,1504.58442,166127456;A
166127447,G,1523.27402,166127456;A
166127448,C,1507.77327,166127456;A
166127448,T,1452.19706,166127456;A
166127448,G,1494.48253,166127456;A
166127449,C,1502.21876,166127456;A
166127449,T,1538.11013,166127456;A
166127449,G,1518.2392,166127456;A
166127450,C,1541.72497,166127456;A
166127450,T,1524.19287,166127456;A
166127450,G,1607.455,166127456;A
166127451,A,1542.66653,166127456;A
166127451,C,1544.62954,166127456;A
166127451,T,1505.15452,166127456;A
166127452,A,1576.43549,166127456;A
166127452,C,1598.10107,166127456;A
166127452,T,1499.09557,166127456;A
166127453,A,1559.28544,166127456;A
166127453,C,1570.0664,166127456;A
166127453,T,1492.07239,166127456;A
166127454,C,1670.91187,166127456;A
166127454,T,1576.16924,166127456;A
166127454,G,1642.98831,166127456;A
166127455,A,1516.8475,166127456;A
166127455,T,1517.52581,166127456;A
166127455,G,1508.72575,166127456;A
166127457,A,1515.76244,166127456;A
166127457,C,1525.56537,166127456;A
166127457,G,1503.62564,166127456;A
166127458,A,1488.28202,166127456;A
166127458,C,1496.74674,166127456;A
166127458,G,1472.67716,166127456;A
166127459,A,1495.34098,166127456;A
166127459,C,1573.15844,166127456;A
166127459,T,1505.57774,166127456;A
166127460,C,1461.95105,166127456;A
166127460,T,1578.93244,166127456;A
166127460,G,1476.35306,166127456;A
166127461,C,1571.23628,166127456;A
166127461,T,1556.30177,166127456;A
166127461,G,1565.73164,166127456;A
166127462,A,1605.05549,166127456;A
166127462,C,1519.10611,166127456;A
166127462,G,1571.24182,166127456;A
166127463,C,1621.78877,166127456;A
166127463,T,1600.89452,166127456;A
166127463,G,1593.62632,166127456;A
166127464,A,1582.98972,166127456;A
166127464,C,1607.44644,166127456;A
166127464,T,1561.41573,166127456;A
166127465,A,1608.727,166127456;A
166127465,C,1579.9897,166127456;A
166127465,T,1554.65193,166127456;A
166127466,C,1570.71944,166127456;A
166127466,T,1520.68972,166127456;A
166127466,G,1567.02222,166127456;A
166127467,A,1589.85222,166127456;A
166127467,C,1594.0968,166127456;A
166127467,G,1586.13431,166127456;A
166127468,A,1557.26461,166127456;A
166127468,C,1543.99536,166127456;A
166127468,T,1537.18242,166127456;A
166127469,C,1590.5831,166127456;A
166127469,T,1550.97446,166127456;A
166127469,G,1588.32767,166127456;A
166127470,C,1615.92098,166127456;A
166127470,T,1587.997,166127456;A
166127470,G,1567.02466,166127456;A
166127471,A,1595.80186,166127456;A
166127471,C,1619.00789,166127456;A
166127471,T,1604.02953,166127456;A
166127472,A,1580.97486,166127456;A
166127472,C,1603.96232,166127456;A
166127472,T,1577.95485,166127456;A
166127473,A,1589.50485,166127456;A
166127473,T,1476.05599,166127456;A
166127473,G,1608.65657,166127456;A
166127474,C,1579.03155,166127456;A
166127474,T,1573.96644,166127456;A
166127474,G,1601.51193,166127456;A
166127475,C,1604.6709,166127456;A
166127475,T,1564.57614,166127456;A
166127475,G,1592.77587,166127456;A
166127434,A,1642.64787,166127454;C
166127434,T,1620.66985,166127454;C
166127434,G,1624.92971,166127454;C
166127435,A,1622.86456,166127454;C
166127435,C,1589.56371,166127454;C
166127435,G,1629.24416,166127454;C
166127436,A,1603.22368,166127454;C
166127436,C,1598.82972,166127454;C
166127436,G,1605.13239,166127454;C
166127437,A,1620.51292,166127454;C
166127437,T,1613.73678,166127454;C
166127437,G,1595.58684,166127454;C
166127438,C,1574.45981,166127454;C
166127438,T,1572.64546,166127454;C
166127438,G,1583.60412,166127454;C
166127439,C,1570.58582,166127454;C
166127439,T,1589.54201,166127454;C
166127439,G,1587.60609,166127454;C
166127440,A,1580.41989,166127454;C
166127440,T,1570.76599,166127454;C
166127440,G,1571.81738,166127454;C
166127441,C,1595.85319,166127454;C
166127441,T,1580.80415,166127454;C
166127441,G,1603.45372,166127454;C
166127442,A,1550.83018,166127454;C
166127442,C,1587.54026,166127454;C
166127442,T,1559.85445,166127454;C
166127443,A,1618.98467,166127454;C
166127443,C,1620.15816,166127454;C
166127443,T,1581.77972,166127454;C
166127444,C,1557.72071,166127454;C
166127444,T,1475.48169,166127454;C
166127444,G,1445.18325,166127454;C
166127445,A,1690.50602,166127454;C
166127445,C,1517.57154,166127454;C
166127445,G,1481.71061,166127454;C
166127446,A,1599.05441,166127454;C
166127446,T,1545.24889,166127454;C
166127446,G,1601.05834,166127454;C
166127447,C,1495.8648,166127454;C
166127447,T,1496.67872,166127454;C
166127447,G,1510.97749,166127454;C
166127448,C,1512.01779,166127454;C
166127448,T,1458.16034,166127454;C
166127448,G,1484.76665,166127454;C
166127449,C,1507.27584,166127454;C
166127449,T,1553.96803,166127454;C
166127449,G,1502.32977,166127454;C
166127450,C,1556.68373,166127454;C
166127450,T,1510.80239,166127454;C
166127450,G,1585.44549,166127454;C
166127451,A,1564.89195,166127454;C
166127451,C,1575.19556,166127454;C
166127451,T,1545.9329,166127454;C
166127452,A,1595.62564,166127454;C
166127452,C,1586.3124,166127454;C
166127452,T,1498.35988,166127454;C
166127453,A,1545.43672,166127454;C
166127453,C,1567.22576,166127454;C
166127453,T,1589.49862,166127454;C
166127455,A,1492.77013,166127454;C
166127455,T,1576.21676,166127454;C
166127455,G,1532.38976,166127454;C
166127456,A,1670.91187,166127454;C
166127456,T,1662.03064,166127454;C
166127456,G,1609.24374,166127454;C
166127457,A,1528.24663,166127454;C
166127457,C,1510.05147,166127454;C
166127457,G,1513.45869,166127454;C
166127458,A,1487.82061,166127454;C
166127458,C,1507.59872,166127454;C
166127458,G,1501.96454,166127454;C
166127459,A,1533.42929,166127454;C
166127459,C,1558.83185,166127454;C
166127459,T,1584.09858,166127454;C
166127460,C,1511.45167,166127454;C
166127460,T,1615.40719,166127454;C
166127460,G,1496.11417,166127454;C
166127461,C,1545.43222,166127454;C
166127461,T,1569.71885,166127454;C
166127461,G,1525.71377,166127454;C
166127462,A,1597.00108,166127454;C
166127462,C,1523.21824,166127454;C
166127462,G,1551.46433,166127454;C
166127463,C,1615.22111,166127454;C
166127463,T,1585.89156,166127454;C
166127463,G,1590.93559,166127454;C
166127464,A,1570.57482,166127454;C
166127464,C,1597.24441,166127454;C
166127464,T,1541.04799,166127454;C
166127465,A,1591.44456,166127454;C
166127465,C,1571.83904,166127454;C
166127465,T,1536.3052,166127454;C
166127466,C,1585.36778,166127454;C
166127466,T,1519.95505,166127454;C
166127466,G,1563.56208,166127454;C
166127467,A,1591.4715,166127454;C
166127467,C,1599.22374,166127454;C
166127467,G,1593.0057,166127454;C
166127468,A,1545.92239,166127454;C
166127468,C,1539.14264,166127454;C
166127468,T,1526.96923,166127454;C
166127469,C,1601.36431,166127454;C
166127469,T,1558.69729,166127454;C
166127469,G,1591.37571,166127454;C
166127470,C,1613.70192,166127454;C
166127470,T,1585.49202,166127454;C
166127470,G,1561.44288,166127454;C
166127471,A,1592.33819,166127454;C
166127471,C,1611.75782,166127454;C
166127471,T,1602.82045,166127454;C
166127472,A,1571.49212,166127454;C
166127472,C,1605.65695,166127454;C
166127472,T,1569.09168,166127454;C
166127473,A,1581.15141,166127454;C
166127473,T,1464.37791,166127454;C
166127473,G,1591.6902,166127454;C
166127361,A,1593.31974,166127381;T
166127361,T,1607.02818,166127381;T
166127361,G,1625.96153,166127381;T
166127362,A,1590.94624,166127381;T
166127362,T,1616.85946,166127381;T
166127362,G,1610.56094,166127381;T
166127363,A,1572.14603,166127381;T
166127363,C,1611.04493,166127381;T
166127363,T,1578.49404,166127381;T
166127364,A,1624.57051,166127381;T
166127364,C,1589.79862,166127381;T
166127364,G,1623.37229,166127381;T
166127365,A,1624.67857,166127381;T
166127365,T,1639.37255,166127381;T
166127365,G,1644.86626,166127381;T
166127366,A,1639.98803,166127381;T
166127366,T,1627.39615,166127381;T
166127366,G,1651.60865,166127381;T
166127367,A,1613.37886,166127381;T
166127367,C,1635.35149,166127381;T
166127367,G,1665.50706,166127381;T
166127368,A,1643.89981,166127381;T
166127368,C,1668.16184,166127381;T
166127368,G,1655.40202,166127381;T
166127369,C,1660.1935,166127381;T
166127369,T,1649.74141,166127381;T
166127369,G,1701.01414,166127381;T
166127370,C,1612.21613,166127381;T
166127370,T,1564.45732,166127381;T
166127370,G,1638.8796,166127381;T
166127371,A,1527.17508,166127381;T
166127371,C,1514.91905,166127381;T
166127371,T,1486.77187,166127381;T
166127372,C,1564.72391,166127381;T
166127372,T,1577.54972,166127381;T
166127372,G,1563.92916,166127381;T
166127373,C,1456.54018,166127381;T
166127373,T,1468.07312,166127381;T
166127373,G,1468.2529,166127381;T
166127374,A,1471.25542,166127381;T
166127374,T,1462.99243,166127381;T
166127374,G,1484.76082,166127381;T
166127375,C,1447.60671,166127381;T
166127375,T,1463.28278,166127381;T
166127375,G,1532.02233,166127381;T
166127376,C,1608.18246,166127381;T
166127376,T,1598.82208,166127381;T
166127376,G,1622.34572,166127381;T
166127377,A,1664.54846,166127381;T
166127377,C,1600.45001,166127381;T
166127377,G,1606.99723,166127381;T
166127378,C,1652.20552,166127381;T
166127378,T,1632.7271,166127381;T
166127378,G,1673.36442,166127381;T
166127379,A,1574.48484,166127381;T
166127379,C,1612.95905,166127381;T
166127379,G,1506.78273,166127381;T
166127380,A,1477.21669,166127381;T
166127380,C,1487.73331,166127381;T
166127380,T,1451.93058,166127381;T
166127382,A,1586.28185,166127381;T
166127382,T,1618.45113,166127381;T
166127382,G,1575.74613,166127381;T
166127383,A,1477.69313,166127381;T
166127383,T,1499.76292,166127381;T
166127383,G,1486.60449,166127381;T
166127384,A,1521.45407,166127381;T
166127384,C,1558.42203,166127381;T
166127384,G,1506.35313,166127381;T
166127385,A,1542.51402,166127381;T
166127385,T,1666.08534,166127381;T
166127385,G,1565.58564,166127381;T
166127386,A,1539.51686,166127381;T
166127386,C,1549.84529,166127381;T
166127386,G,1575.71115,166127381;T
166127387,C,1587.65731,166127381;T
166127387,T,1603.96375,166127381;T
166127387,G,1726.56637,166127381;T
166127388,A,1536.17187,166127381;T
166127388,C,1543.57832,166127381;T
166127388,G,1537.47502,166127381;T
166127389,A,1562.29296,166127381;T
166127389,C,1575.27695,166127381;T
166127389,G,1569.10821,166127381;T
166127390,A,1567.72938,166127381;T
166127390,T,1604.96513,166127381;T
166127390,G,1590.48662,166127381;T
166127391,A,1616.5734,166127381;T
166127391,T,1628.43607,166127381;T
166127391,G,1619.00291,166127381;T
166127392,A,1625.16903,166127381;T
166127392,T,1588.97564,166127381;T
166127392,G,1680.12733,166127381;T
166127393,C,1628.35903,166127381;T
166127393,T,1662.86097,166127381;T
166127393,G,1632.60606,166127381;T
166127394,A,1564.4065,166127381;T
166127394,C,1580.80218,166127381;T
166127394,T,1580.90008,166127381;T
166127395,A,1574.2483,166127381;T
166127395,T,1582.65264,166127381;T
166127395,G,1602.13735,166127381;T
166127396,A,1595.19515,166127381;T
166127396,T,1554.63538,166127381;T
166127396,G,1616.80501,166127381;T
166127397,C,1602.91233,166127381;T
166127397,T,1589.34371,166127381;T
166127397,G,1610.74917,166127381;T
166127398,A,1642.74168,166127381;T
166127398,C,1510.01054,166127381;T
166127398,T,1574.25469,166127381;T
166127399,A,1560.55274,166127381;T
166127399,T,1584.61843,166127381;T
166127399,G,1450.97721,166127381;T
166127400,A,1618.34515,166127381;T
166127400,C,1621.30762,166127381;T
166127400,G,1639.69042,166127381;T
166091162,A,1632.97963,166091182;A
166091162,C,1649.56255,166091182;A
166091162,T,1566.55211,166091182;A
166091163,C,1634.05169,166091182;A
166091163,T,1644.72221,166091182;A
166091163,G,1601.57062,166091182;A
166091164,A,1607.26041,166091182;A
166091164,C,1579.47329,166091182;A
166091164,T,1570.86464,166091182;A
166091165,C,1607.98328,166091182;A
166091165,T,1606.54627,166091182;A
166091165,G,1609.65674,166091182;A
166091166,A,1593.96843,166091182;A
166091166,C,1594.85182,166091182;A
166091166,G,1600.27876,166091182;A
166091167,A,1584.87196,166091182;A
166091167,C,1578.7595,166091182;A
166091167,T,1596.21542,166091182;A
166091168,A,1647.68558,166091182;A
166091168,T,1598.60868,166091182;A
166091168,G,1593.80373,166091182;A
166091169,A,1607.47276,166091182;A
166091169,C,1622.4601,166091182;A
166091169,G,1616.77838,166091182;A
166091170,A,1596.06011,166091182;A
166091170,C,1593.99068,166091182;A
166091170,T,1598.03212,166091182;A
166091171,A,1610.72232,166091182;A
166091171,T,1598.8317,166091182;A
166091171,G,1600.39449,166091182;A
166091172,C,1604.11276,166091182;A
166091172,T,1611.26662,166091182;A
166091172,G,1627.53528,166091182;A
166091173,A,1632.07105,166091182;A
166091173,C,1625.15271,166091182;A
166091173,T,1614.54565,166091182;A
166091174,C,1623.79904,166091182;A
166091174,T,1603.85072,166091182;A
166091174,G,1617.63305,166091182;A
166091175,A,1611.8213,166091182;A
166091175,C,1606.86663,166091182;A
166091175,T,1602.06754,166091182;A
166091176,C,1621.47095,166091182;A
166091176,T,1599.26017,166091182;A
166091176,G,1593.69675,166091182;A
166091177,A,1618.81131,166091182;A
166091177,C,1615.54775,166091182;A
166091177,T,1660.86258,166091182;A
166091178,A,1602.54196,166091182;A
166091178,C,1603.92297,166091182;A
166091178,T,1617.44111,166091182;A
166091179,A,1592.63106,166091182;A
166091179,T,1560.10541,166091182;A
166091179,G,1526.80622,166091182;A
166091180,A,1501.97748,166091182;A
166091180,C,1566.61748,166091182;A
166091180,G,1512.96975,166091182;A
166091181,C,1533.60323,166091182;A
166091181,T,1540.23606,166091182;A
166091181,G,1518.99768,166091182;A
166091183,C,1520.44517,166091182;A
166091183,T,1560.05638,166091182;A
166091183,G,1546.17461,166091182;A
166091184,C,1482.18405,166091182;A
166091184,T,1570.80664,166091182;A
166091184,G,1497.94916,166091182;A
166091185,C,1459.88235,166091182;A
166091185,T,1551.71569,166091182;A
166091185,G,1455.22878,166091182;A
166091186,A,1521.06538,166091182;A
166091186,C,1496.16542,166091182;A
166091186,G,1485.59205,166091182;A
166091187,C,1483.97364,166091182;A
166091187,T,1492.0639,166091182;A
166091187,G,1544.282,166091182;A
166091188,C,1578.73588,166091182;A
166091188,T,1592.48492,166091182;A
166091188,G,1631.00379,166091182;A
166091189,C,1633.13594,166091182;A
166091189,T,1592.48987,166091182;A
166091189,G,1601.55542,166091182;A
166091190,C,1599.69618,166091182;A
166091190,T,1605.76558,166091182;A
166091190,G,1575.88651,166091182;A
166091191,A,1589.32356,166091182;A
166091191,C,1610.50189,166091182;A
166091191,G,1591.56197,166091182;A
166091192,A,1600.53248,166091182;A
166091192,T,1602.29227,166091182;A
166091192,G,1607.9681,166091182;A
166091193,C,1601.24063,166091182;A
166091193,T,1614.04269,166091182;A
166091193,G,1615.01701,166091182;A
166091194,A,1599.22467,166091182;A
166091194,C,1617.22326,166091182;A
166091194,G,1618.52415,166091182;A
166091195,A,1637.60124,166091182;A
166091195,C,1628.26633,166091182;A
166091195,G,1623.54384,166091182;A
166091196,A,1598.28366,166091182;A
166091196,C,1607.45774,166091182;A
166091196,G,1617.04834,166091182;A
166091197,A,1601.45353,166091182;A
166091197,T,1610.15954,166091182;A
166091197,G,1613.3662,166091182;A
166091198,A,1615.4479,166091182;A
166091198,C,1607.57183,166091182;A
166091198,G,1627.63627,166091182;A
166091199,A,1613.55489,166091182;A
166091199,C,1620.15772,166091182;A
166091199,G,1579.77011,166091182;A
166091200,A,1632.57102,166091182;A
166091200,C,1627.57446,166091182;A
166091200,G,1604.75531,166091182;A
166091201,A,1584.88362,166091182;A
166091201,T,1602.23598,166091182;A
166091201,G,1610.91402,166091182;A
165991686,A,1584.33617,165991706;T
165991686,C,1585.49803,165991706;T
165991686,T,1585.17323,165991706;T
165991687,A,1583.90602,165991706;T
165991687,C,1601.51663,165991706;T
165991687,G,1589.84142,165991706;T
165991688,A,1594.25912,165991706;T
165991688,C,1608.65725,165991706;T
165991688,T,1601.94207,165991706;T
165991689,A,1593.49154,165991706;T
165991689,C,1589.14487,165991706;T
165991689,T,1579.85237,165991706;T
165991690,C,1586.0876,165991706;T
165991690,T,1585.80819,165991706;T
165991690,G,1594.2144,165991706;T
165991691,A,1590.85424,165991706;T
165991691,C,1595.9566,165991706;T
165991691,G,1592.40298,165991706;T
165991692,A,1586.57455,165991706;T
165991692,T,1588.67587,165991706;T
165991692,G,1587.69205,165991706;T
165991693,A,1579.74266,165991706;T
165991693,T,1580.53149,165991706;T
165991693,G,1595.90798,165991706;T
165991694,A,1581.44538,165991706;T
165991694,C,1585.99467,165991706;T
165991694,T,1581.93169,165991706;T
165991695,A,1591.75145,165991706;T
165991695,C,1532.26748,165991706;T
165991695,T,1582.25043,165991706;T
165991696,A,1588.11637,165991706;T
165991696,C,1598.48527,165991706;T
165991696,G,1584.04614,165991706;T
165991697,A,1586.11047,165991706;T
165991697,T,1559.26856,165991706;T
165991697,G,1582.7255,165991706;T
165991698,C,1585.77796,165991706;T
165991698,T,1573.32264,165991706;T
165991698,G,1592.09501,165991706;T
165991699,A,1591.26493,165991706;T
165991699,T,1591.69622,165991706;T
165991699,G,1587.18114,165991706;T
165991700,A,1581.69589,165991706;T
165991700,T,1577.4559,165991706;T
165991700,G,1582.04019,165991706;T
165991701,C,1591.89096,165991706;T
165991701,T,1557.52428,165991706;T
165991701,G,1584.42056,165991706;T
165991702,A,1597.7121,165991706;T
165991702,T,1588.36886,165991706;T
165991702,G,1588.97791,165991706;T
165991703,A,1588.48037,165991706;T
165991703,C,1596.29965,165991706;T
165991703,G,1579.28824,165991706;T
165991704,A,1595.87754,165991706;T
165991704,T,1580.522,165991706;T
165991704,G,1585.25722,165991706;T
165991705,C,1583.66464,165991706;T
165991705,T,1581.73625,165991706;T
165991705,G,1588.73938,165991706;T
165991707,A,1589.2348,165991706;T
165991707,T,1593.6903,165991706;T
165991707,G,1577.86182,165991706;T
165991708,C,1584.05221,165991706;T
165991708,T,1584.08399,165991706;T
165991708,G,1583.71202,165991706;T
165991709,A,1593.37179,165991706;T
165991709,C,1601.08053,165991706;T
165991709,G,1594.58521,165991706;T
165991710,A,1584.4002,165991706;T
165991710,C,1597.009,165991706;T
165991710,T,1593.00363,165991706;T
165991711,A,1589.42104,165991706;T
165991711,C,1589.05673,165991706;T
165991711,T,1575.5317,165991706;T
165991712,A,1584.28789,165991706;T
165991712,C,1587.42494,165991706;T
165991712,T,1581.00274,165991706;T
165991713,A,1579.91323,165991706;T
165991713,T,1581.42718,165991706;T
165991713,G,1575.92351,165991706;T
165991714,C,1580.3004,165991706;T
165991714,T,1592.63848,165991706;T
165991714,G,1586.32867,165991706;T
165991715,C,1572.04974,165991706;T
165991715,T,1572.32408,165991706;T
165991715,G,1580.26424,165991706;T
165991716,C,1575.28682,165991706;T
165991716,T,1578.72936,165991706;T
165991716,G,1570.44232,165991706;T
165991717,A,1587.71794,165991706;T
165991717,C,1580.91625,165991706;T
165991717,G,1579.96356,165991706;T
165991718,A,1594.25222,165991706;T
165991718,T,1602.51712,165991706;T
165991718,G,1589.07476,165991706;T
165991719,A,1602.46051,165991706;T
165991719,T,1595.00197,165991706;T
165991719,G,1600.38642,165991706;T
165991720,C,1601.47529,165991706;T
165991720,T,1599.54507,165991706;T
165991720,G,1603.36102,165991706;T
165991721,A,1594.28517,165991706;T
165991721,C,1601.02089,165991706;T
165991721,G,1603.35722,165991706;T
165991722,A,1581.73436,165991706;T
165991722,C,1588.79839,165991706;T
165991722,T,1579.45425,165991706;T
165991723,A,1587.01308,165991706;T
165991723,C,1590.6456,165991706;T
165991723,T,1591.11316,165991706;T
165991724,A,1593.0093,165991706;T
165991724,T,1581.21269,165991706;T
165991724,G,1602.36597,165991706;T
165991725,C,1581.01208,165991706;T
165991725,T,1585.72049,165991706;T
165991725,G,1581.09742,165991706;T
165991686,A,1589.99876,165991706;A
165991686,C,1585.55672,165991706;A
165991686,T,1581.57373,165991706;A
165991687,A,1586.88073,165991706;A
165991687,C,1603.54452,165991706;A
165991687,G,1589.87208,165991706;A
165991688,A,1590.31836,165991706;A
165991688,C,1604.19633,165991706;A
165991688,T,1597.65214,165991706;A
165991689,A,1592.13694,165991706;A
165991689,C,1586.39108,165991706;A
165991689,T,1579.08009,165991706;A
165991690,C,1589.51635,165991706;A
165991690,T,1583.42482,165991706;A
165991690,G,1595.16012,165991706;A
165991691,A,1592.76506,165991706;A
165991691,C,1596.17983,165991706;A
165991691,G,1595.74147,165991706;A
165991692,A,1592.62864,165991706;A
165991692,T,1591.78179,165991706;A
165991692,G,1589.69032,165991706;A
165991693,A,1582.8073,165991706;A
165991693,T,1584.31398,165991706;A
165991693,G,1598.33964,165991706;A
165991694,A,1581.10378,165991706;A
165991694,C,1587.01483,165991706;A
165991694,T,1580.27106,165991706;A
165991695,A,1589.78088,165991706;A
165991695,C,1539.23381,165991706;A
165991695,T,1581.18648,165991706;A
165991696,A,1586.21443,165991706;A
165991696,C,1595.06995,165991706;A
165991696,G,1583.69862,165991706;A
165991697,A,1580.88094,165991706;A
165991697,T,1567.34421,165991706;A
165991697,G,1581.72654,165991706;A
165991698,C,1575.92463,165991706;A
165991698,T,1573.68247,165991706;A
165991698,G,1590.18433,165991706;A
165991699,A,1591.11816,165991706;A
165991699,T,1588.01829,165991706;A
165991699,G,1589.45099,165991706;A
165991700,A,1584.14316,165991706;A
165991700,T,1581.78402,165991706;A
165991700,G,1583.21475,165991706;A
165991701,C,1589.36269,165991706;A
165991701,T,1562.08703,165991706;A
165991701,G,1582.55637,165991706;A
165991702,A,1599.34263,165991706;A
165991702,T,1581.59589,165991706;A
165991702,G,1590.08797,165991706;A
165991703,A,1596.17668,165991706;A
165991703,C,1585.15007,165991706;A
165991703,G,1581.31852,165991706;A
165991704,A,1587.2451,165991706;A
165991704,T,1582.95061,165991706;A
165991704,G,1583.73878,165991706;A
165991705,C,1580.55365,165991706;A
165991705,T,1570.56876,165991706;A
165991705,G,1586.72775,165991706;A
165991707,A,1585.68239,165991706;A
165991707,T,1581.93923,165991706;A
165991707,G,1579.44563,165991706;A
165991708,C,1570.13349,165991706;A
165991708,T,1588.32804,165991706;A
165991708,G,1580.1717,165991706;A
165991709,A,1591.51141,165991706;A
165991709,C,1597.72125,165991706;A
165991709,G,1588.07082,165991706;A
165991710,A,1583.28679,165991706;A
165991710,C,1598.01962,165991706;A
165991710,T,1596.69939,165991706;A
165991711,A,1586.60049,165991706;A
165991711,C,1590.5023,165991706;A
165991711,T,1580.25888,165991706;A
165991712,A,1585.88382,165991706;A
165991712,C,1587.86721,165991706;A
165991712,T,1579.91468,165991706;A
165991713,A,1581.80914,165991706;A
165991713,T,1576.74145,165991706;A
165991713,G,1580.342,165991706;A
165991714,C,1584.09841,165991706;A
165991714,T,1588.8756,165991706;A
165991714,G,1587.62654,165991706;A
165991715,C,1573.38772,165991706;A
165991715,T,1572.47642,165991706;A
165991715,G,1578.18155,165991706;A
165991716,C,1577.79314,165991706;A
165991716,T,1581.57878,165991706;A
165991716,G,1567.05964,165991706;A
165991717,A,1585.31452,165991706;A
165991717,C,1577.65987,165991706;A
165991717,G,1578.75971,165991706;A
165991718,A,1597.42692,165991706;A
165991718,T,1601.95243,165991706;A
165991718,G,1589.11339,165991706;A
165991719,A,1601.94506,165991706;A
165991719,T,1592.58378,165991706;A
165991719,G,1599.83495,165991706;A
165991720,C,1601.84719,165991706;A
165991720,T,1600.81174,165991706;A
165991720,G,1603.25621,165991706;A
165991721,A,1592.53324,165991706;A
165991721,C,1599.62024,165991706;A
165991721,G,1601.61579,165991706;A
165991722,A,1583.69931,165991706;A
165991722,C,1588.39692,165991706;A
165991722,T,1577.81651,165991706;A
165991723,A,1582.75068,165991706;A
165991723,C,1591.44642,165991706;A
165991723,T,1588.06409,165991706;A
165991724,A,1589.44647,165991706;A
165991724,T,1579.69113,165991706;A
165991724,G,1603.11112,165991706;A
165991725,C,1579.00657,165991706;A
165991725,T,1582.62566,165991706;A
165991725,G,1581.96025,165991706;A
165991685,C,1578.58013,165991705;C
165991685,T,1573.66972,165991705;C
165991685,G,1585.56259,165991705;C
165991686,A,1585.28697,165991705;C
165991686,C,1580.79837,165991705;C
165991686,T,1583.14328,165991705;C
165991687,A,1585.82652,165991705;C
165991687,C,1600.38099,165991705;C
165991687,G,1584.90141,165991705;C
165991688,A,1595.5372,165991705;C
165991688,C,1605.67302,165991705;C
165991688,T,1594.85878,165991705;C
165991689,A,1590.38079,165991705;C
165991689,C,1592.9876,165991705;C
165991689,T,1585.84687,165991705;C
165991690,C,1579.80348,165991705;C
165991690,T,1587.55778,165991705;C
165991690,G,1589.95789,165991705;C
165991691,A,1586.85481,165991705;C
165991691,C,1591.39162,165991705;C
165991691,G,1585.72544,165991705;C
165991692,A,1585.75001,165991705;C
165991692,T,1581.96116,165991705;C
165991692,G,1580.25568,165991705;C
165991693,A,1584.04473,165991705;C
165991693,T,1575.74944,165991705;C
165991693,G,1592.12246,165991705;C
165991694,A,1576.72196,165991705;C
165991694,C,1585.39518,165991705;C
165991694,T,1576.91511,165991705;C
165991695,A,1591.98567,165991705;C
165991695,C,1557.32995,165991705;C
165991695,T,1582.4371,165991705;C
165991696,A,1581.62063,165991705;C
165991696,C,1586.49106,165991705;C
165991696,G,1580.9644,165991705;C
165991697,A,1573.3737,165991705;C
165991697,T,1570.41038,165991705;C
165991697,G,1584.12865,165991705;C
165991698,C,1588.15801,165991705;C
165991698,T,1570.43858,165991705;C
165991698,G,1586.50599,165991705;C
165991699,A,1584.11285,165991705;C
165991699,T,1581.26713,165991705;C
165991699,G,1581.56811,165991705;C
165991700,A,1578.06491,165991705;C
165991700,T,1578.24191,165991705;C
165991700,G,1577.64111,165991705;C
165991701,C,1607.16369,165991705;C
165991701,T,1574.50031,165991705;C
165991701,G,1581.24625,165991705;C
165991702,A,1581.23415,165991705;C
165991702,T,1579.02937,165991705;C
165991702,G,1570.97129,165991705;C
165991703,A,1591.5703,165991705;C
165991703,C,1607.90709,165991705;C
165991703,G,1591.4405,165991705;C
165991704,A,1578.21065,165991705;C
165991704,T,1577.61157,165991705;C
165991704,G,1577.71724,165991705;C
165991706,A,1580.55365,165991705;C
165991706,T,1583.66464,165991705;C
165991706,G,1580.23705,165991705;C
165991707,A,1583.6509,165991705;C
165991707,T,1575.46915,165991705;C
165991707,G,1585.79775,165991705;C
165991708,C,1588.0088,165991705;C
165991708,T,1578.25027,165991705;C
165991708,G,1588.09585,165991705;C
165991709,A,1585.07181,165991705;C
165991709,C,1596.72863,165991705;C
165991709,G,1581.37866,165991705;C
165991710,A,1576.07122,165991705;C
165991710,C,1591.0952,165991705;C
165991710,T,1588.13361,165991705;C
165991711,A,1584.86956,165991705;C
165991711,C,1589.50543,165991705;C
165991711,T,1584.68622,165991705;C
165991712,A,1585.26099,165991705;C
165991712,C,1583.61843,165991705;C
165991712,T,1582.08707,165991705;C
165991713,A,1580.0675,165991705;C
165991713,T,1579.48141,165991705;C
165991713,G,1574.26391,165991705;C
165991714,C,1578.72525,165991705;C
165991714,T,1587.51428,165991705;C
165991714,G,1586.44977,165991705;C
165991715,C,1579.70207,165991705;C
165991715,T,1573.38982,165991705;C
165991715,G,1582.00352,165991705;C
165991716,C,1575.94068,165991705;C
165991716,T,1579.4774,165991705;C
165991716,G,1573.4587,165991705;C
165991717,A,1584.34542,165991705;C
165991717,C,1582.223,165991705;C
165991717,G,1578.62861,165991705;C
165991718,A,1594.25375,165991705;C
165991718,T,1597.59618,165991705;C
165991718,G,1588.06296,165991705;C
165991719,A,1603.94837,165991705;C
165991719,T,1580.95757,165991705;C
165991719,G,1600.55777,165991705;C
165991720,C,1595.11388,165991705;C
165991720,T,1598.14293,165991705;C
165991720,G,1594.98536,165991705;C
165991721,A,1587.51612,165991705;C
165991721,C,1591.72583,165991705;C
165991721,G,1592.52849,165991705;C
165991722,A,1580.5183,165991705;C
165991722,C,1589.09467,165991705;C
165991722,T,1582.82002,165991705;C
165991723,A,1582.41211,165991705;C
165991723,C,1588.91825,165991705;C
165991723,T,1591.48848,165991705;C
165991724,A,1588.84829,165991705;C
165991724,T,1574.67612,165991705;C
165991724,G,1602.14796,165991705;C
165991682,A,1588.20171,165991702;A
165991682,C,1585.36459,165991702;A
165991682,T,1592.36156,165991702;A
165991683,C,1580.44576,165991702;A
165991683,T,1596.42313,165991702;A
165991683,G,1582.68427,165991702;A
165991684,A,1572.97942,165991702;A
165991684,T,1586.06558,165991702;A
165991684,G,1576.40056,165991702;A
165991685,C,1575.12507,165991702;A
165991685,T,1574.6424,165991702;A
165991685,G,1586.80354,165991702;A
165991686,A,1583.11341,165991702;A
165991686,C,1584.47623,165991702;A
165991686,T,1583.01928,165991702;A
165991687,A,1582.16675,165991702;A
165991687,C,1601.19777,165991702;A
165991687,G,1588.37462,165991702;A
165991688,A,1591.59032,165991702;A
165991688,C,1601.75341,165991702;A
165991688,T,1599.60465,165991702;A
165991689,A,1592.72545,165991702;A
165991689,C,1586.06561,165991702;A
165991689,T,1580.57451,165991702;A
165991690,C,1583.56496,165991702;A
165991690,T,1578.97984,165991702;A
165991690,G,1591.14759,165991702;A
165991691,A,1585.69073,165991702;A
165991691,C,1585.89494,165991702;A
165991691,G,1587.78471,165991702;A
165991692,A,1585.88585,165991702;A
165991692,T,1589.39499,165991702;A
165991692,G,1586.92768,165991702;A
165991693,A,1583.47762,165991702;A
165991693,T,1584.12923,165991702;A
165991693,G,1595.84816,165991702;A
165991694,A,1581.96319,165991702;A
165991694,C,1593.94707,165991702;A
165991694,T,1584.72337,165991702;A
165991695,A,1593.71716,165991702;A
165991695,C,1540.41524,165991702;A
165991695,T,1589.64881,165991702;A
165991696,A,1592.18286,165991702;A
165991696,C,1598.42368,165991702;A
165991696,G,1583.583,165991702;A
165991697,A,1575.87047,165991702;A
165991697,T,1566.6032,165991702;A
165991697,G,1581.13278,165991702;A
165991698,C,1580.96557,165991702;A
165991698,T,1580.34454,165991702;A
165991698,G,1594.04731,165991702;A
165991699,A,1607.7122,165991702;A
165991699,T,1608.31662,165991702;A
165991699,G,1592.07165,165991702;A
165991700,A,1592.53267,165991702;A
165991700,T,1589.79346,165991702;A
165991700,G,1580.79407,165991702;A
165991701,C,1578.61068,165991702;A
165991701,T,1562.08518,165991702;A
165991701,G,1584.45815,165991702;A
165991703,A,1586.19166,165991702;A
165991703,C,1587.78289,165991702;A
165991703,G,1578.16306,165991702;A
165991704,A,1587.29428,165991702;A
165991704,T,1566.8495,165991702;A
165991704,G,1579.59923,165991702;A
165991705,C,1581.23415,165991702;A
165991705,T,1578.10389,165991702;A
165991705,G,1581.65322,165991702;A
165991706,A,1599.34263,165991702;A
165991706,T,1597.7121,165991702;A
165991706,G,1587.39195,165991702;A
165991707,A,1606.54116,165991702;A
165991707,T,1588.19259,165991702;A
165991707,G,1595.75088,165991702;A
165991708,C,1588.86431,165991702;A
165991708,T,1563.12607,165991702;A
165991708,G,1590.88161,165991702;A
165991709,A,1596.31725,165991702;A
165991709,C,1605.80987,165991702;A
165991709,G,1594.81993,165991702;A
165991710,A,1581.87673,165991702;A
165991710,C,1599.77443,165991702;A
165991710,T,1592.04654,165991702;A
165991711,A,1592.40356,165991702;A
165991711,C,1592.01314,165991702;A
165991711,T,1578.35623,165991702;A
165991712,A,1587.00007,165991702;A
165991712,C,1588.32311,165991702;A
165991712,T,1582.51034,165991702;A
165991713,A,1589.94551,165991702;A
165991713,T,1585.10939,165991702;A
165991713,G,1590.89822,165991702;A
165991714,C,1581.68059,165991702;A
165991714,T,1599.57171,165991702;A
165991714,G,1589.08463,165991702;A
165991715,C,1578.74433,165991702;A
165991715,T,1576.50516,165991702;A
165991715,G,1578.45501,165991702;A
165991716,C,1582.70477,165991702;A
165991716,T,1589.41356,165991702;A
165991716,G,1571.87247,165991702;A
165991717,A,1591.22504,165991702;A
165991717,C,1586.25862,165991702;A
165991717,G,1583.8339,165991702;A
165991718,A,1598.05438,165991702;A
165991718,T,1600.56041,165991702;A
165991718,G,1591.65781,165991702;A
165991719,A,1599.13489,165991702;A
165991719,T,1591.95671,165991702;A
165991719,G,1598.86164,165991702;A
165991720,C,1607.23378,165991702;A
165991720,T,1603.61457,165991702;A
165991720,G,1604.52005,165991702;A
165991721,A,1592.91509,165991702;A
165991721,C,1601.65947,165991702;A
165991721,G,1602.05293,165991702;A
