position,nucleotide,score
-,-,1494.76455
165953467,A,1509.00676
165953467,C,1507.15094
165953467,T,1511.12718
165953468,A,1511.69838
165953468,C,1513.9863
165953468,T,1512.84057
165953469,A,1502.67463
165953469,G,1507.10719
165953469,T,1507.50102
165953476,A,1506.72931
165953476,G,1509.74575
165953476,T,1507.57433
165953477,A,1509.14614
165953477,G,1503.35845
165953477,T,1509.2938
165953845,C,1482.98678
165953845,G,1489.9926
165953845,T,1479.18738
165953849,A,1494.07597
165953849,C,1491.13947
165953849,T,1469.39713
165953986,A,1502.76108
165953986,G,1514.68444
165953986,T,1515.4992
165953987,C,1504.67608
165953987,G,1509.80224
165953987,T,1511.78551
165953990,A,1509.43501
165953990,C,1530.99136
165953990,G,1506.89243
165954015,A,1516.37551
165954015,G,1513.12468
165954015,T,1509.46287
165954035,A,1531.82194
165954035,C,1522.52722
165954035,T,1536.64471
165954038,A,1527.06963
165954038,C,1522.13986
165954038,T,1517.34067
165954039,A,1511.41994
165954039,C,1521.35785
165954039,T,1526.45686
165954041,A,1526.75813
165954041,C,1527.72015
165954041,T,1524.55619
165954049,A,1493.29803
165954049,C,1495.80819
165954049,T,1499.69497
165954051,C,1509.47543
165954051,G,1508.36771
165954051,T,1511.60874
165954065,C,1522.81602
165954065,G,1527.44232
165954065,T,1519.11103
165954067,C,1526.16828
165954067,G,1526.3561
165954067,T,1515.34431
165954068,C,1527.08889
165954068,G,1515.48694
165954068,T,1548.72921
165954069,C,1520.64523
165954069,G,1535.86392
165954069,T,1547.64647
165954070,A,1489.08376
165954070,C,1488.29818
165954070,T,1492.19551
165954071,A,1495.11771
165954071,C,1497.22995
165954071,T,1485.46574
165954072,C,1491.21663
165954072,G,1512.25819
165954072,T,1541.03578
165954073,C,1521.01167
165954073,G,1518.45787
165954073,T,1531.21749
165954074,C,1510.76953
165954074,G,1501.83106
165954074,T,1521.79858
165954075,A,1520.95094
165954075,G,1527.23055
165954075,T,1495.32726
165954088,C,1517.56616
165954088,G,1510.17518
165954088,T,1518.48896
165954089,A,1502.82615
165954089,C,1502.82523
165954089,T,1515.89674
165954090,A,1491.99172
165954090,C,1509.55147
165954090,T,1513.25386
165954091,A,1519.38852
165954091,C,1518.15469
165954091,T,1540.52333
165954092,A,1520.95185
165954092,C,1522.44987
165954092,T,1664.0794
165954093,C,1509.41765
165954093,G,1502.17974
165954093,T,1507.84521
165954094,C,1519.52405
165954094,G,1526.44341
165954094,T,1512.89755
165954095,A,1518.36635
165954095,C,1500.98048
165954095,T,1515.24109
165954096,A,1523.03001
165954096,C,1519.12218
165954096,G,1526.56587
165954097,A,1493.54763
165954097,G,1471.61397
165954097,T,1496.31266
165954098,A,1491.22631
165954098,C,1489.77536
165954098,G,1473.93733
165954105,A,1516.32576
165954105,C,1518.35096
165954105,G,1539.8214
165986337,A,1514.96714
165986337,G,1517.31135
165986337,T,1515.25875
165986338,A,1517.09528
165986338,C,1517.74188
165986338,G,1517.58997
165986339,C,1516.78596
165986339,G,1517.72658
165986339,T,1516.27218
165986344,A,1514.71769
165986344,C,1514.50645
165986344,G,1517.12211
165988337,C,1499.84799
165988337,G,1502.09773
165988337,T,1513.76166
165988338,A,1512.60929
165988338,G,1513.36024
165988338,T,1511.6439
165988339,C,1514.52849
165988339,G,1515.52292
165988339,T,1514.24734
165988340,A,1512.88764
165988340,C,1511.05599
165988340,T,1502.41445
165988341,C,1512.30403
165988341,G,1514.04765
165988341,T,1513.11443
165988342,A,1509.71896
165988342,C,1511.90153
165988342,G,1513.56023
165989225,A,1505.86947
165989225,C,1518.49148
165989225,G,1515.53541
165989309,A,1495.98461
165989309,G,1509.26194
165989309,T,1513.24077
165989310,A,1514.90787
165989310,C,1494.68164
165989310,G,1508.70621
165989413,A,1504.35798
165989413,C,1494.59725
165989413,G,1502.86232
165989415,A,1497.23456
165989415,C,1505.06446
165989415,T,1502.0916
165989603,A,1501.24246
165989603,C,1508.7741
165989603,G,1503.42211
165989604,A,1502.93095
165989604,C,1507.62945
165989604,G,1504.17201
165989605,A,1494.75875
165989605,C,1508.35524
165989605,T,1503.36105
165989606,A,1498.04901
165989606,C,1476.91618
165989606,G,1499.86145
165989607,A,1506.43872
165989607,C,1511.9055
165989607,T,1509.66306
165989608,C,1480.15294
165989608,G,1510.07655
165989608,T,1491.38968
165989609,C,1501.54328
165989609,G,1510.59217
165989609,T,1509.57651
165989610,C,1515.85909
165989610,G,1509.743
165989610,T,1514.03213
165989913,A,1515.52593
165989913,C,1522.46765
165989913,G,1517.26574
165989969,A,1516.79835
165989969,C,1520.30484
165989969,G,1519.2693
165989970,A,1519.21611
165989970,C,1516.22492
165989970,G,1515.13097
165989971,A,1506.78704
165989971,C,1512.039
165989971,T,1505.27596
165989972,A,1524.76598
165989972,G,1522.53434
165989972,T,1521.74594
165989976,C,1516.55135
165989976,G,1514.4679
165989976,T,1517.40801
165990006,C,1505.21741
165990006,G,1503.27181
165990006,T,1497.8908
165990024,A,1501.61928
165990024,G,1493.87432
165990024,T,1502.69414
165990025,A,1493.9334
165990025,C,1488.97357
165990025,G,1486.75028
165990026,A,1496.11538
165990026,C,1498.205
165990026,T,1510.25139
165990027,C,1487.21438
165990027,G,1503.20672
165990027,T,1512.79653
165990028,A,1521.14075
165990028,G,1524.07574
165990028,T,1527.97368
165990029,C,1517.34316
165990029,G,1516.55326
165990029,T,1523.65119
165990030,A,1527.22548
165990030,C,1512.29637
165990030,G,1501.62763
165990031,C,1495.33955
165990031,G,1505.2271
165990031,T,1523.34955
165990032,A,1521.88445
165990032,C,1525.50246
165990032,G,1525.24819
165990033,A,1527.62663
165990033,C,1531.376
165990033,T,1524.65497
165990034,A,1528.79868
165990034,C,1518.75441
165990034,T,1511.21207
165990035,A,1510.36413
165990035,C,1501.04967
165990035,G,1504.85674
165990036,A,1498.44863
165990036,C,1491.91171
165990036,G,1495.48645
165990037,A,1511.79784
165990037,C,1494.16734
165990037,G,1493.80362
165990122,A,1520.66915
165990122,G,1520.39815
165990122,T,1521.65378
165990123,A,1501.69822
165990123,C,1494.11509
165990123,G,1501.57862
165990244,A,1527.379
165990244,G,1519.77971
165990244,T,1511.88557
165990250,A,1520.56162
165990250,C,1505.78215
165990250,T,1521.2013
165990258,A,1499.82221
165990258,C,1502.83915
165990258,T,1504.2544
165990274,C,1536.21227
165990274,G,1518.69559
165990274,T,1523.96818
165990688,C,1506.72238
165990688,G,1504.27879
165990688,T,1503.50918
165990692,A,1501.95157
165990692,G,1493.39839
165990692,T,1501.83635
165990714,A,1498.89251
165990714,G,1510.12244
165990714,T,1500.68582
165990715,A,1498.67443
165990715,G,1504.38745
165990715,T,1499.50998
165990716,C,1497.6491
165990716,G,1510.18733
165990716,T,1495.28103
165990717,A,1507.88013
165990717,C,1491.9678
165990717,G,1501.70434
165990718,A,1486.06048
165990718,C,1484.25416
165990718,T,1508.67818
165990719,A,1507.68662
165990719,C,1505.43973
165990719,G,1512.11885
165990720,A,1504.47119
165990720,C,1510.02544
165990720,T,1505.91507
165990721,A,1498.4092
165990721,C,1502.49341
165990721,T,1499.61848
165990722,A,1499.90054
165990722,C,1496.20692
165990722,G,1504.80278
165990735,A,1499.9954
165990735,G,1496.37076
165990735,T,1501.57234
165990740,A,1508.55282
165990740,C,1499.87795
165990740,T,1500.60706
165991195,A,1524.82656
165991195,C,1517.459
165991195,G,1513.63387
165991281,A,1500.74265
165991281,G,1499.78752
165991281,T,1499.12128
165991282,A,1499.74193
165991282,C,1499.9153
165991282,G,1497.47524
165991283,A,1502.67607
165991283,G,1500.2666
165991283,T,1492.95553
165991284,C,1497.49686
165991284,G,1500.34061
165991284,T,1496.1565
165991286,A,1488.96976
165991286,C,1500.35224
165991286,T,1505.11015
165991287,A,1499.80718
165991287,C,1500.33087
165991287,G,1498.88355
165991288,A,1494.28423
165991288,C,1498.96021
165991288,G,1498.11079
165991426,A,1508.85114
165991426,G,1488.54415
165991426,T,1439.57088
165991427,A,1493.88825
165991427,G,1495.21821
165991427,T,1439.16143
165991428,C,1515.1024
165991428,G,1515.77368
165991428,T,1500.28709
165991429,A,1500.91919
165991429,G,1500.18209
165991429,T,1487.19653
165991430,A,1499.58687
165991430,G,1494.29237
165991430,T,1499.80665
165991431,A,1510.91489
165991431,C,1513.44832
165991431,G,1499.22837
165991432,A,1490.39657
165991432,C,1489.58559
165991432,G,1483.75039
165991498,A,1501.22896
165991498,C,1496.58463
165991498,G,1486.48171
165991514,A,1506.58109
165991514,C,1500.26677
165991514,G,1497.81388
165991515,A,1502.92238
165991515,C,1495.57435
165991515,T,1503.28066
165991524,A,1488.80562
165991524,C,1491.65788
165991524,G,1488.63364
165991525,C,1489.30193
165991525,G,1480.50763
165991525,T,1487.46933
165991526,A,1493.77785
165991526,G,1498.42313
165991526,T,1493.08064
165991527,A,1503.43686
165991527,C,1469.15944
165991527,G,1495.17115
165991528,A,1452.16505
165991528,C,1473.65156
165991528,G,1481.73115
165991529,A,1377.00677
165991529,G,1498.38153
165991529,T,1505.00424
165991530,A,1506.86688
165991530,G,1508.08353
165991530,T,1514.96035
165991647,A,1518.24717
165991647,C,1500.77896
165991647,G,1525.61338
165991648,C,1536.89703
165991648,G,1518.12643
165991648,T,1536.12277
165991649,A,1503.51431
165991649,C,1511.91666
165991649,T,1517.32078
165991699,A,1477.4413
165991699,G,1478.34966
165991699,T,1482.03637
165991700,A,1476.56071
165991700,G,1490.37727
165991700,T,1454.33564
165991701,C,1571.18543
165991701,G,1546.29099
165991701,T,1541.50061
165991702,A,1588.90755
165991702,G,1583.27114
165991702,T,1578.65938
165991703,A,1581.86089
165991703,C,1576.24325
165991703,G,1566.18819
165991704,A,1569.13219
165991704,G,1567.34729
165991704,T,1458.7688
165991705,C,1586.0515
165991705,G,1581.61631
165991705,T,1576.82742
165991706,A,1587.59867
165991706,G,1582.56157
165991706,T,1587.05882
165991707,A,1574.74458
165991707,G,1556.80042
165991707,T,1554.26383
165991708,C,1506.77816
165991708,G,1486.91601
165991708,T,1456.34868
165991709,A,1513.16816
165991709,C,1529.52909
165991709,G,1509.59617
165991710,A,1486.46062
165991710,C,1497.85594
165991710,T,1494.22109
165991711,A,1482.67306
165991711,C,1493.10748
165991711,T,1482.06947
165991712,A,1487.61072
165991712,C,1489.48926
165991712,T,1477.55915
165991713,A,1499.81865
165991713,G,1495.49757
165991713,T,1483.89782
165991714,C,1498.55913
165991714,G,1481.90086
165991714,T,1504.45087
165991715,C,1486.96223
165991715,G,1466.41295
165991715,T,1489.88602
165991716,C,1491.47316
165991716,G,1477.95772
165991716,T,1494.67786
165991717,A,1515.87601
165991717,C,1516.89708
165991717,G,1503.60064
165991718,A,1530.58719
165991718,G,1517.97885
165991718,T,1518.33172
165991719,A,1525.46466
165991719,G,1508.78784
165991719,T,1522.14764
165991720,C,1518.06631
165991720,G,1506.22077
165991720,T,1501.2505
165991721,A,1502.98155
165991721,C,1497.5746
165991721,G,1508.83199
165991722,A,1501.2848
165991722,C,1495.38121
165991722,T,1494.64786
165991723,A,1500.6532
165991723,C,1513.06783
165991723,T,1504.319
165991724,A,1503.1693
165991724,G,1505.79755
165991724,T,1500.4297
165991725,C,1484.78315
165991725,G,1473.41704
165991725,T,1492.56443
165991726,C,1498.20318
165991726,G,1484.87297
165991726,T,1497.97977
165991727,A,1494.65686
165991727,C,1509.13768
165991727,G,1489.36345
165991728,A,1508.23358
165991728,C,1503.1723
165991728,T,1521.81825
165991730,A,1496.8984
165991730,C,1505.52054
165991730,T,1487.98757
165991731,A,1502.25856
165991731,G,1502.74673
165991731,T,1499.30636
165991732,A,1500.25922
165991732,C,1506.59537
165991732,G,1523.86339
165991736,A,1509.88262
165991736,C,1500.04137
165991736,T,1514.16916
165991748,A,1497.03408
165991748,C,1488.80981
165991748,T,1514.70079
165991754,A,1502.76596
165991754,C,1492.77098
165991754,T,1493.27699
165991767,A,1502.95355
165991767,C,1503.85884
165991767,G,1505.07619
165991768,A,1497.09415
165991768,C,1492.75253
165991768,G,1500.42692
165991779,A,1511.28623
165991779,C,1506.85501
165991779,G,1512.47587
165991789,A,1501.9898
165991789,C,1510.92629
165991789,T,1511.01934
165991790,C,1509.35671
165991790,G,1488.84049
165991790,T,1508.28771
165991791,A,1495.60473
165991791,C,1498.53433
165991791,G,1496.45249
165991792,C,1500.77477
165991792,G,1504.23763
165991792,T,1502.68414
165991884,A,1511.04426
165991884,C,1508.74825
165991884,G,1513.53077
165991959,A,1475.22122
165991959,C,1501.76393
165991959,G,1496.1754
165991960,C,1501.11571
165991960,G,1492.28463
165991960,T,1497.77039
165991961,A,1503.35465
165991961,C,1499.98035
165991961,G,1509.22905
165991962,A,1509.87707
165991962,C,1511.12635
165991962,T,1505.75475
165991963,C,1504.29625
165991963,G,1501.79777
165991963,T,1508.80334
165991964,A,1514.17256
165991964,C,1508.68672
165991964,G,1514.5552
165991965,A,1512.98957
165991965,C,1512.07044
165991965,T,1512.88878
165991966,C,1514.4947
165991966,G,1514.96568
165991966,T,1508.50921
165991967,A,1510.48449
165991967,C,1478.456
165991967,G,1506.40187
165991968,A,1516.02856
165991968,C,1514.62802
165991968,T,1515.74483
165991969,A,1510.01043
165991969,C,1485.1194
165991969,G,1517.57091
165991970,C,1483.70794
165991970,G,1514.77619
165991970,T,1514.42771
165991971,C,1527.85458
165991971,G,1514.50148
165991971,T,1522.62401
165991972,A,1509.05851
165991972,G,1499.95943
165991972,T,1486.83456
165992042,A,1507.60796
165992042,C,1504.0997
165992042,G,1500.97077
165992167,A,1499.15724
165992167,C,1501.31148
165992167,G,1501.67528
166027115,C,1501.83078
166027115,G,1501.99333
166027115,T,1501.5009
166027116,A,1500.96494
166027116,C,1499.94172
166027116,T,1500.63461
166042575,A,1500.73022
166042575,C,1500.70877
166042575,G,1501.14605
166042576,A,1497.67175
166042576,G,1500.31924
166042576,T,1499.52039
166042588,C,1499.47947
166042588,G,1499.60751
166042588,T,1498.85393
166042608,A,1499.39473
166042608,C,1500.44409
166042608,G,1499.4935
166042609,A,1499.11236
166042609,C,1502.16198
166042609,G,1477.16314
166042610,C,1496.13961
166042610,G,1500.42863
166042610,T,1500.12015
166042611,A,1501.22326
166042611,C,1499.15533
166042611,T,1501.94989
166042612,A,1501.69057
166042612,C,1501.93539
166042612,G,1502.05492
166042613,A,1500.76143
166042613,G,1500.45849
166042613,T,1502.01578
166042614,C,1502.52383
166042614,G,1501.99529
166042614,T,1501.69392
166043798,C,1514.0532
166043798,G,1510.02835
166043798,T,1507.51519
166043827,C,1509.01176
166043827,G,1505.24633
166043827,T,1502.01557
166043888,A,1496.95567
166043888,G,1485.04655
166043888,T,1491.77772
166043889,C,1492.59148
166043889,G,1491.71842
166043889,T,1505.13883
166043890,C,1500.03033
166043890,G,1497.14145
166043890,T,1469.68351
166043891,A,1500.05155
166043891,C,1510.08814
166043891,T,1505.12821
166043892,A,1508.61947
166043892,C,1510.38262
166043892,T,1509.85796
166043893,C,1500.77806
166043893,G,1499.2094
166043893,T,1499.16995
166044608,A,1502.73531
166044608,C,1503.32527
166044608,T,1503.40684
166044609,C,1502.25295
166044609,G,1501.71854
166044609,T,1501.30561
166070399,C,1506.3709
166070399,G,1512.35805
166070399,T,1513.27146
166090970,C,1485.91721
166090970,G,1493.51646
166090970,T,1493.13023
166090971,A,1508.17369
166090971,C,1498.13861
166090971,G,1496.1842
166090972,A,1497.85717
166090972,C,1509.9657
166090972,G,1457.48752
166090973,C,1496.95007
166090973,G,1505.77981
166090973,T,1505.0376
166090974,A,1503.19782
166090974,G,1498.09174
166090974,T,1505.11416
166090975,A,1502.65357
166090975,C,1499.93918
166090975,G,1515.90058
166091092,C,1509.27242
166091092,G,1518.55488
166091092,T,1503.45824
166091117,C,1524.09351
166091117,G,1512.32235
166091117,T,1512.66047
166091182,A,1615.19521
166091182,C,1489.29562
166091182,T,1582.15246
166091662,A,1514.664
166091662,C,1529.28689
166091662,T,1499.27202
166093230,C,1502.31618
166093230,G,1502.76204
166093230,T,1504.01012
166093239,A,1504.57166
166093239,C,1503.06516
166093239,T,1503.28904
166093241,C,1501.96058
166093241,G,1501.45531
166093241,T,1502.32194
166093242,A,1502.22484
166093242,C,1502.53965
166093242,G,1501.58964
166106845,C,1519.93256
166106845,G,1495.14992
166106845,T,1511.79238
166106847,A,1520.57648
166106847,C,1502.75193
166106847,G,1522.52002
166106848,A,1523.70815
166106848,C,1523.75956
166106848,T,1520.78215
166106849,A,1511.46392
166106849,G,1520.14274
166106849,T,1520.32987
166106850,A,1523.3331
166106850,G,1526.56806
166106850,T,1522.13416
166106851,A,1489.46022
166106851,G,1524.67698
166106851,T,1524.59558
166106852,A,1522.11093
166106852,C,1501.60967
166106852,G,1525.23542
166106853,A,1525.89914
166106853,G,1524.39153
166106853,T,1522.81901
166106854,A,1518.80009
166106854,C,1517.28557
166106854,G,1522.45424
166106858,A,1522.64456
166106858,C,1520.1109
166106858,T,1521.28054
166107067,C,1498.28218
166107067,G,1498.78893
166107067,T,1498.35227
166125113,A,1497.2501
166125113,G,1501.09104
166125113,T,1473.64285
166125114,A,1496.41115
166125114,C,1501.03504
166125114,G,1495.23964
166125115,C,1497.92701
166125115,G,1500.14953
166125115,T,1506.43409
166125116,C,1502.75144
166125116,G,1501.0767
166125116,T,1497.36875
166125117,A,1504.88022
166125117,C,1497.03144
166125117,G,1506.36127
166125118,A,1503.55421
166125118,C,1501.62044
166125118,T,1494.2138
166125119,A,1499.07034
166125119,G,1505.02864
166125119,T,1505.09258
166125120,C,1502.80923
166125120,G,1492.13252
166125120,T,1506.43651
166125121,C,1498.09729
166125121,G,1499.53425
166125121,T,1491.38446
166125122,A,1495.87571
166125122,C,1500.60872
166125122,G,1492.21537
166125123,A,1496.53311
166125123,G,1491.16543
166125123,T,1485.98503
166125124,A,1494.01632
166125124,C,1501.31405
166125124,G,1488.58123
166125125,A,1503.76075
166125125,G,1502.85926
166125125,T,1495.52387
166125126,C,1499.06627
166125126,G,1495.14743
166125126,T,1499.3865
166125127,C,1503.39007
166125127,G,1502.31581
166125127,T,1500.09895
166125128,A,1501.04017
166125128,C,1504.04179
166125128,G,1506.036
166125129,A,1501.94842
166125129,C,1500.65194
166125129,G,1502.93677
166125130,A,1495.23941
166125130,C,1503.68704
166125130,T,1501.76535
166125131,C,1477.39628
166125131,G,1500.37752
166125131,T,1496.52733
166125132,A,1503.88409
166125132,C,1506.13579
166125132,T,1502.39233
166125133,A,1508.77002
166125133,G,1507.86035
166125133,T,1504.84624
166125141,A,1501.77009
166125141,G,1504.60012
166125141,T,1503.82934
166125142,C,1507.15002
166125142,G,1494.41678
166125142,T,1503.93396
166125143,A,1506.55944
166125143,C,1492.50443
166125143,G,1504.53984
166125144,A,1505.03514
166125144,C,1505.3761
166125144,T,1505.43246
166125145,A,1487.45314
166125145,G,1500.66215
166125145,T,1502.56198
166125146,A,1480.41423
166125146,C,1492.66119
166125146,G,1495.19401
166125147,A,1504.20233
166125147,C,1501.82751
166125147,G,1498.1807
166125148,A,1495.94612
166125148,G,1495.28474
166125148,T,1499.67975
166125149,C,1506.1859
166125149,G,1496.5381
166125149,T,1504.91106
166125150,A,1492.64182
166125150,C,1498.61538
166125150,G,1496.18905
166125151,A,1495.01577
166125151,C,1498.43532
166125151,G,1483.6983
166125152,A,1468.85925
166125152,G,1476.18863
166125152,T,1490.824
166125153,C,1503.07109
166125153,G,1497.64068
166125153,T,1501.58722
166125154,A,1506.1435
166125154,G,1502.20993
166125154,T,1497.62067
166125155,A,1509.04436
166125155,C,1507.42753
166125155,G,1509.51537
166125156,C,1503.53091
166125156,G,1506.82952
166125156,T,1508.43488
166125157,C,1510.41386
166125157,G,1509.07205
166125157,T,1509.44936
166125158,A,1509.97363
166125158,C,1510.9604
166125158,G,1510.61386
166125159,A,1510.25079
166125159,C,1506.84454
166125159,G,1505.80412
166125160,C,1508.14341
166125160,G,1506.92463
166125160,T,1502.27947
166125161,A,1494.87671
166125161,C,1494.86146
166125161,T,1496.48395
166125162,C,1487.32859
166125162,G,1500.24508
166125162,T,1489.36353
166125163,C,1501.40104
166125163,G,1500.99135
166125163,T,1496.73816
166125164,A,1493.36111
166125164,C,1504.66968
166125164,G,1502.30256
166125837,A,1506.54676
166125837,C,1506.94993
166125837,G,1508.66285
166125841,A,1505.39227
166125841,G,1506.09487
166125841,T,1502.00315
166126173,A,1510.35773
166126173,C,1505.75571
166126173,T,1515.83401
166126176,A,1514.22172
166126176,G,1517.25598
166126176,T,1519.84557
166126189,A,1490.28908
166126189,G,1517.41769
166126189,T,1505.64351
166126191,C,1497.06407
166126191,G,1546.32346
166126191,T,1500.37483
166126261,A,1513.54784
166126261,C,1501.92522
166126261,G,1498.12169
166126264,A,1506.11444
166126264,G,1523.81061
166126264,T,1501.97498
166126268,C,1505.84434
166126268,G,1512.55426
166126268,T,1518.46436
166126299,C,1512.84299
166126299,G,1503.6559
166126299,T,1509.34201
166126300,A,1509.85749
166126300,C,1509.65872
166126300,G,1508.57683
166126307,C,1495.54775
166126307,G,1504.37272
166126307,T,1506.90467
166126314,A,1500.3025
166126314,C,1498.64915
166126314,G,1497.96099
166126317,A,1506.85195
166126317,G,1499.82699
166126317,T,1499.48421
166126332,A,1514.30936
166126332,C,1510.8599
166126332,G,1508.76692
166126363,A,1502.27662
166126363,G,1494.36224
166126363,T,1496.47646
166126364,C,1506.33316
166126364,G,1496.84117
166126364,T,1505.04609
166126365,A,1510.37678
166126365,C,1498.51205
166126365,T,1509.81586
166126366,A,1498.67053
166126366,C,1513.33523
166126366,G,1491.5529
166126367,A,1510.05036
166126367,G,1511.2556
166126367,T,1511.96462
166126368,C,1506.94981
166126368,G,1504.15334
166126368,T,1511.03399
166126369,A,1507.40941
166126369,C,1495.034
166126369,G,1501.52145
166126379,C,1498.96051
166126379,G,1489.76844
166126379,T,1503.4246
166126380,A,1502.62061
166126380,C,1496.04076
166126380,G,1498.69315
166126478,C,1484.78918
166126478,G,1507.7246
166126478,T,1509.7647
166126479,C,1520.3347
166126479,G,1518.91449
166126479,T,1521.79635
166126480,A,1502.18171
166126480,C,1505.77104
166126480,T,1506.44981
166126481,A,1515.86807
166126481,C,1506.82448
166126481,T,1491.0023
166126482,A,1507.00808
166126482,C,1518.52394
166126482,G,1508.02932
166126483,C,1480.00639
166126483,G,1506.2113
166126483,T,1496.40406
166127087,A,1505.00955
166127087,C,1510.95122
166127087,G,1509.02262
166127088,C,1502.95556
166127088,G,1510.02951
166127088,T,1499.05413
166127089,C,1512.57345
166127089,G,1495.97616
166127089,T,1508.08584
166127090,C,1521.49682
166127090,G,1503.23496
166127090,T,1508.25019
166127091,C,1500.61219
166127091,G,1469.10676
166127091,T,1503.33515
166127092,A,1529.2184
166127092,C,1510.854
166127092,T,1516.03023
166127093,A,1519.30687
166127093,C,1536.19498
166127093,G,1490.26975
166127094,C,1510.05546
166127094,G,1465.23907
166127094,T,1482.91508
166127095,C,1545.80438
166127095,G,1517.80606
166127095,T,1519.73046
166127096,A,1508.34716
166127096,C,1509.67319
166127096,T,1518.62788
166127097,A,1516.467
166127097,C,1530.82033
166127097,G,1525.4767
166127098,A,1486.02195
166127098,G,1492.14626
166127098,T,1478.82464
166127099,C,1500.70478
166127099,G,1506.05491
166127099,T,1490.27646
166127100,C,1507.51035
166127100,G,1506.61427
166127100,T,1524.18582
166127201,A,1516.05213
166127201,C,1513.76204
166127201,T,1500.6114
166127202,C,1516.01771
166127202,G,1510.06038
166127202,T,1502.42668
166127214,A,1514.13849
166127214,G,1521.47392
166127214,T,1502.21012
166127215,A,1519.55574
166127215,C,1526.09792
166127215,G,1519.27982
166127216,A,1499.50388
166127216,C,1488.03036
166127216,G,1509.88454
166127217,A,1499.05711
166127217,G,1507.24792
166127217,T,1517.23763
166127218,A,1472.28222
166127218,G,1521.51719
166127218,T,1487.86856
166127219,A,1507.9673
166127219,C,1512.49644
166127219,G,1491.34551
166127231,A,1507.78179
166127231,C,1487.37335
166127231,G,1501.27859
166127232,A,1510.6074
166127232,C,1507.01132
166127232,T,1503.14808
166127233,C,1510.16881
166127233,G,1504.82768
166127233,T,1490.11117
166127265,A,1455.59143
166127265,C,1499.78971
166127265,G,1498.11156
166127266,A,1529.53594
166127266,G,1516.66152
166127266,T,1524.48061
166127267,C,1499.05667
166127267,G,1536.05752
166127267,T,1534.3872
166127268,A,1521.75158
166127268,C,1534.31971
166127268,T,1522.71066
166127269,A,1541.52633
166127269,C,1538.27273
166127269,T,1525.24956
166127270,C,1521.5162
166127270,G,1524.43902
166127270,T,1490.10592
166127271,C,1526.3808
166127271,G,1515.41218
166127271,T,1546.39617
166127304,A,1507.12026
166127304,C,1503.34788
166127304,T,1511.82246
166127320,A,1488.1652
166127320,G,1491.18583
166127320,T,1507.97334
166127321,A,1489.34367
166127321,C,1464.32949
166127321,G,1495.88256
166127322,A,1491.30851
166127322,C,1486.69533
166127322,G,1489.10001
166127323,A,1448.97771
166127323,C,1445.14043
166127323,G,1467.76363
166127324,A,1505.4477
166127324,G,1472.42409
166127324,T,1502.00674
166127325,A,1500.28292
166127325,C,1516.77977
166127325,G,1522.41145
166127326,A,1461.68379
166127326,C,1539.67244
166127326,G,1518.00576
166127327,A,1495.07819
166127327,G,1513.39288
166127327,T,1514.51145
166127328,A,1507.39393
166127328,G,1523.72307
166127328,T,1517.0928
166127329,A,1529.83593
166127329,C,1541.56555
166127329,G,1537.90145
166127330,A,1488.88016
166127330,C,1522.94641
166127330,T,1521.08115
166127331,A,1503.64344
166127331,C,1518.06204
166127331,G,1514.77814
166127332,A,1489.29939
166127332,C,1504.27623
166127332,T,1480.69378
166127333,A,1476.21199
166127333,C,1496.32905
166127333,T,1481.95929
166127334,C,1521.70665
166127334,G,1499.07557
166127334,T,1497.23796
166127337,A,1500.05431
166127337,C,1497.95322
166127337,G,1507.31031
166127381,C,1544.54933
166127381,G,1529.37421
166127381,T,1616.44106
166127426,A,1513.85251
166127426,C,1500.07991
166127426,T,1517.19553
166127427,A,1485.13384
166127427,C,1471.80827
166127427,T,1459.27817
166127428,C,1520.06097
166127428,G,1542.64906
166127428,T,1447.49922
166127429,A,1473.32368
166127429,C,1506.26974
166127429,T,1501.40146
166127430,A,1484.00738
166127430,C,1516.1796
166127430,T,1473.99564
166127431,A,1535.17214
166127431,C,1552.37897
166127431,T,1484.52495
166127432,A,1499.23362
166127432,C,1503.57622
166127432,T,1490.09617
166127433,A,1490.26061
166127433,C,1510.565
166127433,T,1467.74622
166127434,A,1544.34681
166127434,G,1521.19231
166127434,T,1519.38727
166127435,A,1518.94646
166127435,C,1486.1898
166127435,G,1537.47174
166127452,A,1480.67619
166127452,C,1479.95747
166127452,T,1418.99573
166127453,A,1516.08171
166127453,C,1464.0305
166127453,T,1463.86638
166127454,C,1586.54045
166127454,G,1549.31604
166127454,T,1538.12094
166127455,A,1501.12129
166127455,G,1514.57881
166127455,T,1507.12998
166127456,A,1586.23943
166127456,G,1540.84848
166127456,T,1557.81075
166127457,A,1517.80129
166127457,C,1493.82668
166127457,G,1508.23705
166127458,A,1476.34904
166127458,C,1488.32696
166127458,G,1470.48481
166127459,A,1493.23098
166127459,C,1498.18513
166127459,T,1509.26586
166127460,C,1455.86391
166127460,G,1446.81423
166127460,T,1509.2379
166127463,C,1517.62431
166127463,G,1499.85004
166127463,T,1495.2538
166127469,C,1511.99073
166127469,G,1502.38084
166127469,T,1467.77268
166127471,A,1503.92748
166127471,C,1523.27094
166127471,T,1519.36784
166127476,A,1487.37181
166127476,C,1523.11495
166127476,T,1500.2889
166127490,A,1521.51348
166127490,C,1565.06124
166127490,G,1562.21631
166127491,A,1508.22836
166127491,C,1528.07421
166127491,T,1527.11307
166127492,A,1519.63909
166127492,C,1525.83063
166127492,T,1525.67959
166127493,A,1510.8022
166127493,G,1596.53002
166127493,T,1577.94444
166127494,A,1521.51928
166127494,G,1555.21916
166127494,T,1529.63015
166127495,C,1537.94609
166127495,G,1538.0522
166127495,T,1530.94267
166127496,A,1519.62188
166127496,C,1489.60989
166127496,T,1468.21718
166127497,C,1502.93005
166127497,G,1511.84826
166127497,T,1523.91608
166127498,A,1525.26121
166127498,C,1552.32811
166127498,G,1540.82782
166127499,A,1550.81585
166127499,C,1582.363
166127499,T,1570.62025
166127500,A,1528.8946
166127500,G,1426.48248
166127500,T,1483.82314
166127501,A,1501.81098
166127501,G,1510.2077
166127501,T,1479.13616
166127502,C,1612.17347
166127502,G,1575.08089
166127502,T,1577.6583
166127503,C,1571.3044
166127503,G,1499.63814
166127503,T,1560.84562
166127513,A,1507.7916
166127513,C,1539.56284
166127513,T,1538.68077
166127523,A,1529.53616
166127523,C,1545.4366
166127523,G,1510.64054
166127527,C,1521.65789
166127527,G,1514.6312
166127527,T,1540.70502
166127528,A,1504.40194
166127528,C,1468.16703
166127528,G,1523.43688
166127529,A,1470.05677
166127529,G,1542.60953
166127529,T,1527.62017
166127530,A,1454.21008
166127530,C,1495.9684
166127530,G,1493.0455
166127531,A,1467.66225
166127531,C,1470.17053
166127531,G,1453.62725
166127532,A,1439.58681
166127532,G,1505.99559
166127532,T,1498.67419
166127533,A,1508.63875
166127533,C,1518.1867
166127533,G,1518.98307
166127534,C,1542.47766
166127534,G,1496.98822
166127534,T,1554.16179
166127535,A,1520.17584
166127535,C,1548.16713
166127535,G,1516.56589
166127536,A,1511.30126
166127536,G,1521.33452
166127536,T,1521.16349
166127537,C,1535.01024
166127537,G,1508.88556
166127537,T,1494.61425
166127538,C,1480.2056
166127538,G,1469.18879
166127538,T,1461.08317
166127539,C,1482.85561
166127539,G,1487.82361
166127539,T,1430.77199
166127544,A,1493.99429
166127544,C,1524.27697
166127544,G,1488.97365
166127549,A,1495.84325
166127549,C,1515.60655
166127549,G,1499.75184
166127559,C,1542.68007
166127559,G,1559.98066
166127559,T,1538.20545
166127560,A,1540.54042
166127560,G,1605.82294
166127560,T,1517.80684
166127562,A,1526.00497
166127562,C,1577.84592
166127562,G,1580.75844
166127574,C,1545.68783
166127574,G,1527.20767
166127574,T,1557.26302
166127575,A,1500.17507
166127575,C,1532.07136
166127575,G,1517.84031
166127578,C,1453.13161
166127578,G,1497.80298
166127578,T,1449.46075
166127580,A,1499.73039
166127580,C,1526.85098
166127580,T,1528.75727
166127581,A,1515.18666
166127581,C,1526.84557
166127581,T,1500.87302
166127582,A,1511.82205
166127582,C,1528.80263
166127582,G,1473.6281
166127583,A,1448.63593
166127583,C,1521.72471
166127583,G,1478.11216
166127632,C,1491.03193
166127632,G,1510.13403
166127632,T,1471.59914
166127634,A,1475.35511
166127634,C,1486.95283
166127634,T,1465.33694
166127635,A,1487.61082
166127635,C,1510.97847
166127635,T,1458.38818
166127636,A,1497.13871
166127636,C,1512.47366
166127636,T,1471.22019
166127637,A,1513.12931
166127637,C,1512.56174
166127637,T,1491.80087
166127638,C,1503.74396
166127638,G,1507.43797
166127638,T,1485.4369
166127639,A,1513.07035
166127639,G,1518.91667
166127639,T,1503.82707
166127640,C,1533.82318
166127640,G,1543.46743
166127640,T,1516.59806
166127641,A,1509.2841
166127641,C,1511.31489
166127641,T,1517.8818
166127642,A,1437.80058
166127642,C,1487.02272
166127642,G,1421.72939
166127643,A,1503.25604
166127643,C,1541.15441
166127643,G,1511.58527
166127644,A,1507.3637
166127644,C,1556.58673
166127644,T,1515.35727
166127646,A,1503.39565
166127646,C,1512.0712
166127646,G,1514.71302
166127653,C,1512.32237
166127653,G,1489.95973
166127653,T,1501.49625
166127654,A,1523.44682
166127654,G,1479.05702
166127654,T,1489.87803
166127655,C,1481.54953
166127655,G,1532.34178
166127655,T,1469.71693
166127656,A,1506.40846
166127656,G,1493.7407
166127656,T,1479.29875
166127657,C,1489.06081
166127657,G,1516.77471
166127657,T,1506.10862
166127658,A,1530.19544
166127658,C,1502.91166
166127658,G,1512.80558
166127659,C,1539.43596
166127659,G,1499.37754
166127659,T,1502.94619
166127661,C,1504.607
166127661,G,1503.47101
166127661,T,1482.64743
166127666,A,1511.34465
166127666,C,1509.86725
166127666,G,1492.56653
166127668,A,1489.43877
166127668,C,1500.24093
166127668,T,1509.11028
166127669,C,1501.19527
166127669,G,1488.64828
166127669,T,1496.67126
166127677,A,1487.52598
166127677,G,1488.07025
166127677,T,1523.35112
166127680,A,1494.42935
166127680,C,1535.33093
166127680,G,1488.19101
166127684,A,1527.96733
166127684,G,1526.65204
166127684,T,1496.93717
166127699,A,1520.8988
166127699,C,1533.15477
166127699,G,1502.73175
166127700,A,1503.06313
166127700,C,1542.07159
166127700,T,1504.13959
166127703,A,1541.86637
166127703,G,1515.79201
166127703,T,1538.05425
166127756,C,1524.26134
166127756,G,1562.32628
166127756,T,1504.52725
166127757,C,1520.12362
166127757,G,1528.98085
166127757,T,1526.95515
166127758,A,1523.85245
166127758,C,1521.15116
166127758,G,1537.02396
166127772,A,1485.07582
166127772,C,1542.69373
166127772,G,1536.983
166127837,C,1531.60503
166127837,G,1527.58317
166127837,T,1504.31771
166127876,C,1532.36552
166127876,G,1565.26279
166127876,T,1590.35662
166127878,C,1599.54436
166127878,G,1547.95196
166127878,T,1553.4167
166127879,A,1517.8909
166127879,C,1559.01392
166127879,T,1553.37874
166127880,A,1548.06956
166127880,C,1611.09994
166127880,T,1444.52552
166127881,A,1534.04196
166127881,C,1599.09431
166127881,G,1416.31463
166127886,C,1571.16288
166127886,G,1543.34997
166127886,T,1537.7895
166127887,C,1574.81722
166127887,G,1475.16162
166127887,T,1529.3134
166127905,C,1555.67712
166127905,G,1545.17535
166127905,T,1507.43794
166127909,A,1488.56033
166127909,C,1522.06547
166127909,G,1532.1921
166127911,C,1528.66315
166127911,G,1550.17338
166127911,T,1514.28445
166127971,C,1521.76412
166127971,G,1544.31405
166127971,T,1485.04461
166127975,C,1504.52168
166127975,G,1463.01172
166127975,T,1492.8668
166127992,A,1513.09359
166127992,C,1521.64182
166127992,G,1534.88278
166128024,A,1512.71942
166128024,C,1505.8155
166128024,G,1563.50633
166128038,C,1501.77053
166128038,G,1531.68147
166128038,T,1497.88566
166128039,C,1508.50161
166128039,G,1519.70401
166128039,T,1489.95735
166128040,C,1509.02994
166128040,G,1511.06194
166128040,T,1509.06874
166128041,A,1517.01367
166128041,C,1525.43645
166128041,G,1504.41334
166128042,C,1521.89876
166128042,G,1503.89407
166128042,T,1501.54224
166128043,A,1460.38515
166128043,C,1455.49993
166128043,T,1499.41397
166128044,A,1507.53196
166128044,G,1457.65335
166128044,T,1462.44499
166128047,A,1498.51349
166128047,C,1512.48932
166128047,T,1500.59596
166128064,C,1482.4874
166128064,G,1481.11831
166128064,T,1500.01764
166128065,C,1488.1113
166128065,G,1491.59812
166128065,T,1499.32044
166128066,C,1495.61351
166128066,G,1498.27859
166128066,T,1516.72691
166128067,C,1496.41528
166128067,G,1493.8048
166128067,T,1518.3905
166128068,C,1496.97766
166128068,G,1471.30906
166128068,T,1513.26513
166128069,A,1531.44058
166128069,C,1493.99817
166128069,T,1530.24384
166128070,A,1516.62925
166128070,C,1498.74771
166128070,G,1507.3392
166128071,A,1511.41104
166128071,G,1507.60818
166128071,T,1504.56349
166128072,C,1484.76718
166128072,G,1495.80439
166128072,T,1501.37862
166128073,C,1517.05786
166128073,G,1490.02126
166128073,T,1523.19753
166128077,C,1476.41575
166128077,G,1506.23574
166128077,T,1497.14715
166128079,A,1522.9665
166128079,G,1505.90204
166128079,T,1511.64116
166128080,C,1481.47699
166128080,G,1509.27616
166128080,T,1520.7335
166128081,A,1514.41395
166128081,G,1540.48708
166128081,T,1546.25356
166128082,A,1526.12741
166128082,G,1522.29422
166128082,T,1510.6167
166128112,A,1509.27555
166128112,C,1479.55905
166128112,G,1481.58277
166128113,C,1504.03703
166128113,G,1502.0136
166128113,T,1524.22322
166128114,A,1488.84442
166128114,C,1507.05716
166128114,G,1495.54478
166128115,A,1522.26602
166128115,C,1500.03718
166128115,G,1504.56244
166128116,C,1495.7948
166128116,G,1507.67981
166128116,T,1507.94034
166129915,A,1505.1428
166129915,G,1507.12415
166129915,T,1501.12922
166131287,A,1501.99024
166131287,G,1501.28036
166131287,T,1500.7381
166148316,A,1512.47922
166148316,C,1513.32243
166148316,G,1505.84781
166148339,C,1508.23693
166148339,G,1499.91419
166148339,T,1503.43259
166148340,A,1509.42368
166148340,C,1509.67209
166148340,G,1510.60615
166148753,A,1511.96326
166148753,C,1505.67999
166148753,G,1507.481
166148864,A,1507.90287
166148864,C,1505.86031
166148864,G,1502.63952
166148867,C,1504.07159
166148867,G,1492.51581
166148867,T,1508.47833
166148868,A,1509.60231
166148868,C,1513.12352
166148868,G,1506.64759
166148869,A,1509.42489
166148869,C,1514.2675
166148869,T,1507.80056
166148889,A,1511.13127
166148889,C,1507.22303
166148889,T,1513.03588
166148926,A,1502.4072
166148926,C,1489.41941
166148926,G,1510.82109
166148927,C,1510.90196
166148927,G,1504.76894
166148927,T,1509.26536
166148928,A,1490.86805
166148928,C,1496.49179
166148928,G,1492.92282
166148929,A,1515.24729
166148929,C,1509.33428
166148929,G,1518.12028
166148930,A,1502.87108
166148930,G,1492.82241
166148930,T,1496.06382
166148931,C,1518.05339
166148931,G,1511.69255
166148931,T,1499.35351
166148932,C,1503.4479
166148932,G,1495.31318
166148932,T,1478.36775
166148933,A,1496.66071
166148933,C,1492.23429
166148933,T,1483.56201
166148934,A,1506.3149
166148934,G,1491.79795
166148934,T,1496.53331
166148946,C,1498.64278
166148946,G,1498.85359
166148946,T,1489.53061
166148947,A,1495.66829
166148947,G,1483.46344
166148947,T,1488.16504
166148948,A,1492.14436
166148948,C,1511.61494
166148948,G,1513.15412
166148949,A,1493.87148
166148949,C,1490.30008
166148949,T,1495.96481
166148950,A,1499.54081
166148950,C,1524.04764
166148950,G,1502.50255
166148951,C,1468.75921
166148951,G,1485.36763
166148951,T,1493.75608
166148952,C,1492.38991
166148952,G,1490.16582
166148952,T,1487.8433
166148953,A,1495.43152
166148953,C,1491.50602
166148953,G,1500.75356
166148954,A,1489.70816
166148954,G,1479.51442
166148954,T,1487.37956
166148955,A,1486.66798
166148955,C,1500.36871
166148955,G,1503.3358
166148956,A,1487.98058
166148956,G,1476.2628
166148956,T,1481.96056
166148957,C,1526.15213
166148957,G,1509.06761
166148957,T,1494.80306
166148958,A,1493.24942
166148958,C,1486.76146
166148958,T,1465.44757
166148959,A,1511.27511
166148959,C,1514.86892
166148959,G,1485.82939
166148960,C,1496.76663
166148960,G,1504.39923
166148960,T,1504.00183
166148961,C,1498.65358
166148961,G,1496.79287
166148961,T,1500.53218
166148962,A,1515.46627
166148962,C,1514.34269
166148962,G,1520.22882
166148969,A,1498.27762
166148969,G,1525.04343
166148969,T,1499.57091
166148970,A,1498.30242
166148970,C,1529.95097
166148970,G,1534.69876
166148973,C,1500.91276
166148973,G,1495.54094
166148973,T,1482.81315
166148974,A,1493.22391
166148974,G,1480.8881
166148974,T,1488.8066
166148975,A,1496.66056
166148975,G,1513.3515
166148975,T,1482.74283
166148976,A,1497.50388
166148976,C,1529.58772
166148976,G,1518.36998
166148977,A,1510.36051
166148977,G,1463.47303
166148977,T,1506.03812
166148978,A,1502.08534
166148978,C,1511.92423
166148978,G,1534.02761
166148979,A,1512.18107
166148979,G,1518.39228
166148979,T,1510.56895
166148980,C,1527.47029
166148980,G,1534.60449
166148980,T,1510.41477
166148981,A,1504.9057
166148981,C,1503.47308
166148981,T,1502.27443
166148982,A,1492.64855
166148982,G,1499.98359
166148982,T,1486.48338
166148983,C,1506.64419
166148983,G,1514.01716
166148983,T,1496.87216
166148984,A,1522.98238
166148984,C,1535.62794
166148984,G,1507.57931
166148985,A,1534.30454
166148985,C,1518.01056
166148985,T,1533.04194
166148986,C,1524.73279
166148986,G,1521.00343
166148986,T,1524.766
166148987,A,1497.97618
166148987,G,1485.43673
166148987,T,1464.75639
166148988,A,1527.69486
166148988,C,1531.87051
166148988,G,1535.52479
166148989,A,1493.39614
166148989,C,1456.03557
166148989,T,1512.03081
166148990,C,1502.77366
166148990,G,1502.78656
166148990,T,1497.57265
166148991,A,1507.0546
166148991,G,1494.40719
166148991,T,1505.2667
166148992,C,1516.12631
166148992,G,1515.88687
166148992,T,1494.88473
166148993,A,1504.20103
166148993,C,1514.71384
166148993,T,1517.84525
166148994,A,1493.10429
166148994,C,1477.42787
166148994,T,1495.36932
166148995,A,1499.57739
166148995,G,1500.43133
166148995,T,1500.93816
166148996,C,1467.06938
166148996,G,1489.05626
166148996,T,1484.40193
166148997,A,1496.45893
166148997,C,1469.73808
166148997,G,1465.84797
166148998,A,1519.62309
166148998,G,1496.05614
166148998,T,1515.69902
166148999,A,1514.51607
166148999,C,1519.35776
166148999,G,1519.58975
166149000,A,1524.37203
166149000,C,1513.33838
166149000,T,1507.26506
166149001,A,1498.84877
166149001,G,1492.12261
166149001,T,1473.66887
166149002,A,1513.84011
166149002,G,1498.3942
166149002,T,1505.75284
166149003,C,1504.5801
166149003,G,1502.82127
166149003,T,1503.70245
166149004,C,1496.05675
166149004,G,1481.79317
166149004,T,1474.4707
166149005,A,1505.66821
166149005,C,1500.16017
166149005,T,1490.16843
166149021,A,1517.17772
166149021,G,1494.44875
166149021,T,1508.35752
166149023,A,1469.61016
166149023,C,1462.7877
166149023,T,1468.06573
166149024,A,1499.22286
166149024,G,1464.61517
166149024,T,1487.46657
166149025,A,1499.98259
166149025,C,1506.96549
166149025,G,1493.164
166149032,A,1511.84259
166149032,C,1493.92877
166149032,G,1473.13427
166149033,A,1511.73546
166149033,C,1467.24666
166149033,T,1498.07192
166149034,A,1507.72965
166149034,G,1471.09543
166149034,T,1504.26303
166149042,A,1469.78348
166149042,C,1618.76229
166149042,G,1481.3062
166149048,A,1460.89569
166149048,G,1487.97901
166149048,T,1586.16778
166149096,A,1499.07048
166149096,C,1553.41214
166149096,G,1489.4556
166149144,C,1527.72452
166149144,G,1529.43543
166149144,T,1473.28463
166149155,A,1524.58214
166149155,C,1504.64482
166149155,G,1543.20531
166149156,C,1527.8886
166149156,G,1508.65916
166149156,T,1523.26657
166149167,C,1530.44198
166149167,G,1499.44192
166149167,T,1516.54516
166149189,C,1495.19156
166149189,G,1534.55993
166149189,T,1519.04929
166149279,A,1505.42719
166149279,C,1523.38188
166149279,G,1507.90405
166149541,A,1511.64217
166149541,G,1501.61038
166149541,T,1507.18569
166149569,A,1498.31465
166149569,C,1487.49185
166149569,G,1496.03837
166149570,A,1491.9595
166149570,C,1489.87787
166149570,T,1500.42899
166149571,A,1487.37423
166149571,C,1489.1766
166149571,G,1494.94815
166149572,A,1528.87975
166149572,C,1517.21219
166149572,T,1524.27595
166149573,A,1528.45932
166149573,C,1529.96961
166149573,T,1531.72278
166149574,A,1531.3968
166149574,C,1529.99617
166149574,G,1533.60898
166149575,A,1491.88521
166149575,C,1527.19603
166149575,T,1526.05769
166149576,C,1529.58005
166149576,G,1530.00815
166149576,T,1531.20027
166149577,A,1529.76006
166149577,C,1528.2428
166149577,T,1530.4744
166149578,A,1524.58142
166149578,C,1522.26631
166149578,G,1526.74951
166153235,A,1497.8823
166153235,C,1498.31918
166153235,T,1498.69188
166153236,A,1498.11691
166153236,C,1496.98558
166153236,G,1498.4327
166171170,C,1501.68354
166171170,G,1501.28787
166171170,T,1501.32501
166171171,A,1500.90334
166171171,C,1501.77923
166171171,G,1501.47568
166181756,A,1492.65796
166181756,C,1502.58695
166181756,T,1512.62014
166181762,A,1494.01465
166181762,C,1487.82445
166181762,G,1512.3229
166181776,C,1504.61073
166181776,G,1485.92785
166181776,T,1506.27036
166181777,A,1500.76787
166181777,C,1506.44043
166181777,G,1502.18372
166181778,A,1504.64213
166181778,G,1509.07964
166181778,T,1495.60521
166181779,C,1487.25469
166181779,G,1489.53018
166181779,T,1495.47995
166181780,C,1484.37283
166181780,G,1498.16262
166181780,T,1491.80624
166181784,A,1508.09817
166181784,C,1498.2203
166181784,G,1510.11344
166181786,A,1512.49417
166181786,C,1504.95592
166181786,T,1514.53141
166193568,A,1489.1031
166193568,C,1491.93017
166193568,G,1495.40029
166193571,C,1492.19235
166193571,G,1488.63447
166193571,T,1492.04195
166193572,C,1498.95461
166193572,G,1495.5887
166193572,T,1499.85256
166193573,A,1494.51008
166193573,G,1496.76696
166193573,T,1492.54992
166193574,A,1485.35472
166193574,C,1477.31438
166193574,G,1470.44935
166193575,C,1494.75919
166193575,G,1489.86555
166193575,T,1497.96629
166193576,A,1498.11041
166193576,C,1492.64341
166193576,G,1492.01951
166193577,A,1497.48358
166193577,G,1493.15792
166193577,T,1496.29776
166193578,C,1497.80135
166193578,G,1494.4745
166193578,T,1502.09547
166193579,C,1501.76265
166193579,G,1500.73531
166193579,T,1500.06049
166193580,A,1501.89904
166193580,C,1502.71133
166193580,G,1502.6742
166193581,A,1500.36083
166193581,C,1492.47276
166193581,G,1500.29988
166193582,C,1501.62434
166193582,G,1502.13912
166193582,T,1500.84938
166193583,A,1494.18197
166193583,C,1496.38838
166193583,G,1491.91796
166193584,A,1502.04655
166193584,C,1502.71278
166193584,G,1493.11297
166193585,A,1504.78083
166193585,G,1501.66149
166193585,T,1503.93863
166193586,C,1503.21565
166193586,G,1496.33908
166193586,T,1501.79986
166193587,A,1501.12716
166193587,C,1493.19364
166193587,G,1499.80311
166193588,A,1505.37868
166193588,C,1501.21191
166193588,T,1503.8843
166193589,A,1486.48211
166193589,C,1487.25938
166193589,G,1486.5545
166199865,A,1529.08023
166199865,G,1528.44807
166199865,T,1529.76783
166199866,A,1534.89119
166199866,C,1537.06866
166199866,G,1543.09356
166229773,C,1524.68111
166229773,G,1521.39878
166229773,T,1515.61332
166229774,A,1511.9963
166229774,C,1525.12446
166229774,G,1526.28141
166229775,A,1527.1407
166229775,C,1489.97056
166229775,G,1529.41267
166229776,A,1513.91932
166229776,C,1533.36469
166229776,T,1520.25903
166229777,C,1527.81094
166229777,G,1522.80736
166229777,T,1515.53164
166229853,A,1564.37037
166229853,C,1554.18828
166229853,G,1559.19904
166229854,C,1562.69922
166229854,G,1453.81954
166229854,T,1566.34044
166229855,A,1571.6903
166229855,C,1561.58755
166229855,G,1544.44703
166229856,A,1574.35387
166229856,C,1530.65569
166229856,G,1529.10046
166229857,A,1565.99169
166229857,C,1571.62434
166229857,G,1506.44207
166229858,C,1575.39351
166229858,G,1510.71182
166229858,T,1577.57161
166229859,A,1580.79221
166229859,G,1546.23887
166229859,T,1559.1347
166229860,A,1500.00811
166229860,C,1505.87406
166229860,G,1504.16234
166229861,A,1549.17255
166229861,C,1509.80381
166229861,G,1544.49344
166229862,C,1573.45488
166229862,G,1541.43701
166229862,T,1519.27189
166229863,C,1481.78473
166229863,G,1451.36556
166229863,T,1515.89778
166229864,A,1488.34664
166229864,C,1449.04035
166229864,G,1441.28014
166229865,A,1517.07889
166229865,G,1462.01384
166229865,T,1564.97458
166229866,A,1535.4831
166229866,C,1527.80325
166229866,G,1518.53977
166229867,A,1541.85155
166229867,C,1523.48436
166229867,G,1515.54083
166229868,A,1489.01227
166229868,C,1544.52225
166229868,G,1437.57751
166229869,A,1535.66976
166229869,G,1523.59847
166229869,T,1529.53039
166229870,C,1517.79013
166229870,G,1434.44351
166229870,T,1526.79654
166229871,C,1439.2096
166229871,G,1523.10195
166229871,T,1481.00512
166229872,C,1473.62443
166229872,G,1529.49614
166229872,T,1533.93232
166229873,C,1513.5328
166229873,G,1504.13509
166229873,T,1529.36692
166229874,A,1525.69718
166229874,G,1509.78244
166229874,T,1507.502
166229875,A,1501.27851
166229875,G,1502.91626
166229875,T,1518.9608
166229876,A,1511.08291
166229876,C,1534.82574
166229876,G,1503.45473
166229877,C,1536.14473
166229877,G,1488.63649
166229877,T,1535.69631
166229878,A,1537.9972
166229878,G,1535.16691
166229878,T,1544.17262
166229879,A,1549.74926
166229879,G,1531.04566
166229879,T,1538.74525
166229880,A,1538.94187
166229880,C,1532.88269
166229880,G,1537.70293
166229881,A,1538.38641
166229881,C,1543.28272
166229881,T,1514.36298
166229882,A,1521.07775
166229882,C,1549.29788
166229882,G,1526.97721
166229883,A,1489.76354
166229883,G,1500.50654
166229883,T,1504.1327
166229884,C,1512.33711
166229884,G,1514.75047
166229884,T,1546.35498
166229885,A,1470.38085
166229885,C,1486.64008
166229885,G,1453.34741
166229890,A,1516.65427
166229890,G,1511.45433
166229890,T,1535.27523
166229895,A,1531.26119
166229895,G,1508.65678
166229895,T,1517.66656
166229897,A,1514.49158
166229897,C,1503.02699
166229897,T,1550.42233
166229925,A,1556.4369
166229925,C,1589.22725
166229925,T,1577.66244
166229926,A,1585.59388
166229926,C,1577.56807
166229926,G,1574.86545
166229927,A,1557.80871
166229927,C,1573.43659
166229927,G,1580.52216
166229928,C,1596.59902
166229928,G,1577.84286
166229928,T,1591.75176
166229929,C,1568.64535
166229929,G,1589.57707
166229929,T,1576.06477
166229930,C,1519.22372
166229930,G,1580.04703
166229930,T,1483.21063
166229931,A,1525.21198
166229931,C,1490.25524
166229931,T,1500.81676
166229932,C,1592.39429
166229932,G,1580.59995
166229932,T,1558.75607
166229933,A,1588.0961
166229933,C,1598.00087
166229933,G,1577.48206
166229934,A,1592.51978
166229934,C,1590.03435
166229934,G,1596.30339
166229935,C,1596.10198
166229935,G,1593.509
166229935,T,1584.58939
166229936,C,1592.73361
166229936,G,1585.63776
166229936,T,1592.94271
166229937,A,1575.08902
166229937,G,1585.84085
166229937,T,1557.55377
166229938,A,1548.40879
166229938,G,1552.85254
166229938,T,1522.7513
166229939,A,1518.23273
166229939,C,1524.73735
166229939,G,1516.75876
166229940,A,1527.46735
166229940,C,1531.18891
166229940,T,1535.14429
166239694,C,1491.05552
166239694,G,1500.45544
166239694,T,1531.46194
166239734,A,1517.07648
166239734,C,1506.10373
166239734,T,1516.04779
166239737,C,1501.23022
166239737,G,1508.36241
166239737,T,1502.98942
166239738,A,1512.08164
166239738,C,1516.002
166239738,T,1512.97834
166239740,A,1517.39871
166239740,C,1506.68036
166239740,T,1503.55786
166239741,A,1509.20403
166239741,C,1505.82718
166239741,T,1507.75767
166239742,A,1515.9789
166239742,G,1504.1304
166239742,T,1515.72556
166239743,A,1533.87642
166239743,C,1531.59709
166239743,G,1523.70699
166239744,A,1536.58944
166239744,C,1536.10583
166239744,G,1511.17708
166239745,C,1532.90796
166239745,G,1533.72163
166239745,T,1535.56795
166239746,A,1537.03633
166239746,C,1508.97672
166239746,T,1538.19725
166239747,A,1539.01847
166239747,C,1536.87808
166239747,G,1538.9883
166239748,A,1537.70353
166239748,G,1539.10355
166239748,T,1537.08625
166239749,C,1538.18904
166239749,G,1538.82916
166239749,T,1538.8337
166239750,A,1528.51438
166239750,G,1505.74138
166239750,T,1494.4339
166239751,C,1491.21989
166239751,G,1490.26489
166239751,T,1488.06246
166239770,A,1498.78462
166239770,C,1493.27305
166239770,G,1503.45626
166239771,A,1503.44687
166239771,G,1508.45744
166239771,T,1503.93178
166239772,A,1501.31073
166239772,C,1503.33472
166239772,G,1496.39223
166239773,C,1491.8977
166239773,G,1496.70171
166239773,T,1487.68166
166239774,A,1498.76736
166239774,C,1504.2555
166239774,T,1496.42118
166239775,C,1506.75067
166239775,G,1501.3437
166239775,T,1499.41114
166239776,C,1501.23101
166239776,G,1508.35125
166239776,T,1490.88902
166239777,A,1501.40708
166239777,G,1498.79124
166239777,T,1492.1197
166239778,A,1526.61524
166239778,C,1497.54031
166239778,G,1493.84855
166239779,A,1497.66221
166239779,C,1485.17077
166239779,T,1488.64123
166239780,A,1491.64884
166239780,C,1507.77692
166239780,T,1493.46044
166239781,A,1501.7533
166239781,C,1496.80302
166239781,G,1498.2647
166239782,A,1500.02369
166239782,C,1494.98277
166239782,T,1506.05646
166239783,A,1505.88594
166239783,C,1499.63038
166239783,G,1497.81109
166239784,C,1488.56321
166239784,G,1498.8358
166239784,T,1495.21833
166239785,A,1494.20392
166239785,G,1503.34187
166239785,T,1491.88588
166239786,C,1482.66661
166239786,G,1482.57151
166239786,T,1493.385
166239787,A,1493.09509
166239787,C,1493.32728
166239787,T,1502.32255
166239788,A,1511.49195
166239788,C,1495.53216
166239788,T,1510.95096
166239789,A,1512.00414
166239789,C,1514.56047
166239789,T,1514.76543
166239790,A,1507.43623
166239790,C,1504.90725
166239790,G,1514.83616
166239791,A,1520.34308
166239791,G,1512.8466
166239791,T,1510.29075
166239792,C,1500.25443
166239792,G,1499.33927
166239792,T,1507.44159
166239793,A,1490.9702
166239793,C,1494.31088
166239793,T,1486.00758
166239802,A,1497.9851
166239802,G,1493.7578
166239802,T,1508.04588
166239803,A,1493.54741
166239803,C,1509.75119
166239803,T,1513.13481
166239804,A,1513.17792
166239804,G,1506.92022
166239804,T,1512.33496
166239805,C,1483.49086
166239805,G,1501.36966
166239805,T,1520.82995
166239806,A,1520.98811
166239806,C,1514.87898
166239806,T,1522.14219
166239807,A,1519.61046
166239807,C,1525.05117
166239807,T,1529.17479
166239808,C,1529.3869
166239808,G,1514.84875
166239808,T,1520.0477
166239809,C,1506.25203
166239809,G,1505.49336
166239809,T,1510.55928
166239810,A,1509.41449
166239810,C,1512.37607
166239810,T,1512.27142
166239811,A,1518.49416
166239811,C,1514.64787
166239811,G,1522.61605
166239812,A,1493.79351
166239812,G,1487.63761
166239812,T,1496.33501
166239813,A,1491.19138
166239813,C,1489.42109
166239813,G,1475.42267
166239814,A,1501.07094
166239814,C,1490.60087
166239814,G,1500.85454
166239815,A,1503.4049
166239815,C,1503.35921
166239815,T,1498.17177
166239816,C,1498.72996
166239816,G,1494.97557
166239816,T,1489.79517
166239817,A,1500.76455
166239817,C,1486.26112
166239817,G,1496.77055
166239818,A,1505.48132
166239818,C,1497.36046
166239818,T,1501.27228
166239819,C,1498.28483
166239819,G,1517.74997
166239819,T,1491.62778
166239820,A,1501.24119
166239820,C,1468.36254
166239820,G,1500.36609
166239821,A,1508.84159
166239821,C,1497.02137
166239821,T,1497.79931
166239822,C,1471.37487
166239822,G,1495.31655
166239822,T,1486.81894
166239823,A,1479.58283
166239823,C,1480.0786
166239823,T,1490.04024
166239824,C,1499.36637
166239824,G,1496.5185
166239824,T,1490.86239
